TenureinMonths,MonthlyCharge,TotalCharges,Contract,InternetType,PaymentMethod,OnlineSecurity,PremiumTechSupport,PaperlessBilling,Actual_Churn,Predicted_Churn
1,70.55,70.55,Month-to-Month,Fiber Optic,Bank Withdrawal,No,No,Yes,Yes,Yes
43,29.3,1224.05,Month-to-Month,Cable,Credit Card,No,No,No,No,No
16,63.05,1067.05,Month-to-Month,DSL,Bank Withdrawal,No,No,Yes,No,No
33,91.25,2964.05,Month-to-Month,Fiber Optic,Bank Withdrawal,No,No,No,No,No
52,109.1,5647.95,Two Year,Fiber Optic,Bank Withdrawal,Yes,No,Yes,No,No
1,74.35,74.35,Month-to-Month,Fiber Optic,Bank Withdrawal,No,No,No,No,Yes
21,54.6,1125.2,Month-to-Month,DSL,Bank Withdrawal,No,No,No,No,No
2,56.7,113.55,Month-to-Month,DSL,Credit Card,Yes,No,No,Yes,No
66,61.35,4193.4,Two Year,DSL,Bank Withdrawal,Yes,Yes,Yes,No,No
31,91.15,2995.45,Month-to-Month,Cable,Bank Withdrawal,No,No,Yes,Yes,Yes
31,101.4,3143.65,Month-to-Month,Fiber Optic,Bank Withdrawal,No,No,Yes,No,Yes
72,76.8,5468.45,Two Year,Cable,Bank Withdrawal,No,No,Yes,No,No
68,78.45,5333.35,One Year,DSL,Bank Withdrawal,Yes,Yes,Yes,No,No
30,50.4,1527.5,Month-to-Month,DSL,Bank Withdrawal,No,No,Yes,Yes,No
60,103.75,5969.95,Month-to-Month,Fiber Optic,Bank Withdrawal,No,Yes,Yes,No,No
26,93.85,2381.55,Month-to-Month,Fiber Optic,Bank Withdrawal,No,No,Yes,Yes,Yes
30,40.35,1187.05,One Year,Cable,Credit Card,No,Yes,Yes,No,No
21,65.35,1424.4,Month-to-Month,DSL,Bank Withdrawal,Yes,No,No,No,No
72,105.0,7589.8,Two Year,Fiber Optic,Credit Card,Yes,No,Yes,No,No
65,105.5,6985.65,Month-to-Month,Fiber Optic,Bank Withdrawal,No,No,Yes,Yes,No
48,103.85,4946.05,Month-to-Month,Fiber Optic,Bank Withdrawal,No,Yes,Yes,No,No
63,99.65,6311.2,One Year,Fiber Optic,Credit Card,Yes,No,Yes,No,No
71,71.1,5224.95,Two Year,DSL,Credit Card,Yes,Yes,No,No,No
55,85.45,4874.7,Month-to-Month,Fiber Optic,Bank Withdrawal,No,No,Yes,Yes,No
26,78.8,2006.1,Month-to-Month,Fiber Optic,Bank Withdrawal,No,No,Yes,No,Yes
31,49.2,1498.55,Month-to-Month,DSL,Credit Card,No,Yes,Yes,No,No
13,85.95,1215.65,Month-to-Month,Fiber Optic,Bank Withdrawal,No,No,Yes,No,Yes
10,40.7,449.3,Month-to-Month,DSL,Bank Withdrawal,Yes,No,No,No,No
51,76.4,3966.3,One Year,Cable,Bank Withdrawal,Yes,Yes,Yes,No,No
22,69.75,1545.4,One Year,DSL,Mailed Check,Yes,Yes,Yes,No,No
17,45.05,770.6,Month-to-Month,DSL,Bank Withdrawal,No,No,Yes,Yes,No
55,79.4,4238.45,Month-to-Month,Fiber Optic,Bank Withdrawal,No,Yes,No,No,No
9,49.2,447.9,Two Year,DSL,Mailed Check,No,Yes,No,No,No
63,68.8,4111.35,One Year,Cable,Bank Withdrawal,Yes,Yes,No,No,No
18,74.15,1345.75,Month-to-Month,Fiber Optic,Bank Withdrawal,No,No,Yes,No,Yes
5,85.3,420.45,Month-to-Month,Fiber Optic,Credit Card,No,No,Yes,No,Yes
7,51.0,354.05,Month-to-Month,Cable,Mailed Check,Yes,No,Yes,Yes,No
3,30.75,82.85,Month-to-Month,DSL,Bank Withdrawal,No,No,Yes,No,Yes
6,56.25,389.1,Month-to-Month,DSL,Bank Withdrawal,Yes,No,No,Yes,No
72,80.8,5728.55,Two Year,Cable,Bank Withdrawal,Yes,Yes,Yes,No,No
9,54.8,452.8,Month-to-Month,DSL,Credit Card,No,Yes,No,No,No
55,73.1,4144.9,Month-to-Month,Fiber Optic,Bank Withdrawal,No,No,Yes,No,No
71,116.25,8564.75,Two Year,Fiber Optic,Bank Withdrawal,Yes,Yes,Yes,No,No
34,75.55,2425.4,Month-to-Month,Fiber Optic,Bank Withdrawal,No,No,Yes,No,Yes
1,35.25,35.25,Month-to-Month,DSL,Bank Withdrawal,No,No,Yes,Yes,Yes
8,101.35,780.5,Month-to-Month,Fiber Optic,Bank Withdrawal,No,No,No,Yes,Yes
72,84.7,5893.9,Two Year,DSL,Credit Card,Yes,Yes,No,No,No
41,73.0,3001.2,One Year,DSL,Bank Withdrawal,No,No,Yes,Yes,No
55,54.55,2978.3,Month-to-Month,DSL,Bank Withdrawal,No,Yes,Yes,Yes,No
68,70.8,4859.95,Two Year,Cable,Credit Card,No,Yes,No,No,No
20,81.45,1671.6,One Year,Fiber Optic,Bank Withdrawal,No,No,Yes,No,No
1,75.45,75.45,Month-to-Month,Fiber Optic,Bank Withdrawal,No,No,Yes,Yes,Yes
65,58.9,3857.1,Two Year,DSL,Credit Card,Yes,Yes,No,No,No
56,106.8,5914.4,One Year,Fiber Optic,Bank Withdrawal,No,No,Yes,No,No
72,115.8,8332.15,Two Year,Fiber Optic,Credit Card,Yes,Yes,No,No,No
19,87.7,1725.95,One Year,Fiber Optic,Credit Card,No,Yes,Yes,No,No
64,91.8,5960.5,Month-to-Month,Fiber Optic,Bank Withdrawal,Yes,No,Yes,No,No
19,89.35,1686.85,One Year,Fiber Optic,Bank Withdrawal,No,Yes,Yes,No,No
49,99.4,5025.0,Month-to-Month,Fiber Optic,Bank Withdrawal,No,No,No,No,No
12,56.3,628.65,Month-to-Month,Cable,Mailed Check,No,No,Yes,No,Yes
71,99.65,6951.15,Two Year,Fiber Optic,Credit Card,No,No,Yes,No,No
32,79.3,2570.0,Two Year,Fiber Optic,Mailed Check,No,No,No,No,No
66,106.05,6981.35,Two Year,Fiber Optic,Credit Card,Yes,No,Yes,Yes,No
8,94.0,773.65,Month-to-Month,Fiber Optic,Bank Withdrawal,No,No,Yes,Yes,Yes
42,48.15,2032.3,Two Year,Cable,Credit Card,Yes,Yes,No,No,No
72,84.4,6096.45,Two Year,DSL,Credit Card,Yes,Yes,Yes,No,No
3,79.4,205.05,Month-to-Month,Fiber Optic,Bank Withdrawal,No,No,Yes,Yes,Yes
72,95.9,6954.15,Two Year,Fiber Optic,Bank Withdrawal,Yes,No,Yes,No,No
64,104.4,6692.65,Two Year,Fiber Optic,Bank Withdrawal,No,No,Yes,No,No
2,70.95,137.95,Month-to-Month,Fiber Optic,Bank Withdrawal,No,No,Yes,Yes,Yes
8,85.2,627.4,Month-to-Month,Fiber Optic,Credit Card,No,No,Yes,Yes,Yes
50,95.05,4888.7,Month-to-Month,Fiber Optic,Bank Withdrawal,No,No,Yes,Yes,No
39,99.95,3767.4,Month-to-Month,Fiber Optic,Credit Card,No,Yes,Yes,No,No
72,86.05,6309.65,Two Year,DSL,Credit Card,Yes,Yes,No,No,No
4,105.65,443.9,One Year,Fiber Optic,Bank Withdrawal,No,Yes,Yes,Yes,No
1,50.8,50.8,Month-to-Month,Cable,Bank Withdrawal,No,Yes,Yes,Yes,Yes
24,93.55,2264.05,Month-to-Month,Fiber Optic,Bank Withdrawal,No,No,Yes,Yes,Yes
65,74.2,4805.65,Two Year,DSL,Credit Card,No,Yes,Yes,No,No
42,66.4,2727.8,Month-to-Month,DSL,Credit Card,Yes,Yes,Yes,No,No
10,60.2,563.5,Month-to-Month,DSL,Credit Card,No,No,No,No,No
20,90.7,1781.35,Month-to-Month,Fiber Optic,Credit Card,No,No,Yes,No,Yes
33,95.8,3036.75,One Year,Fiber Optic,Bank Withdrawal,No,No,Yes,Yes,No
67,89.55,6373.1,Month-to-Month,Fiber Optic,Bank Withdrawal,No,No,Yes,No,No
34,94.25,3217.55,Month-to-Month,Fiber Optic,Bank Withdrawal,No,No,Yes,Yes,Yes
1,49.3,49.3,Month-to-Month,DSL,Bank Withdrawal,No,Yes,Yes,No,Yes
56,101.05,5594.0,Two Year,Fiber Optic,Bank Withdrawal,No,No,Yes,No,No
45,81.0,3533.6,Two Year,Cable,Credit Card,Yes,Yes,Yes,No,No
23,69.5,1652.1,Month-to-Month,Cable,Credit Card,No,Yes,Yes,No,No
1,33.6,33.6,Month-to-Month,Cable,Credit Card,No,Yes,No,No,No
12,84.05,966.55,Month-to-Month,Fiber Optic,Bank Withdrawal,No,No,Yes,No,Yes
27,84.8,2309.55,One Year,DSL,Bank Withdrawal,No,Yes,Yes,No,No
3,25.0,78.25,Month-to-Month,DSL,Credit Card,No,No,No,No,No
9,69.5,653.25,Month-to-Month,DSL,Credit Card,Yes,Yes,Yes,No,No
72,110.9,8240.85,Two Year,Fiber Optic,Credit Card,Yes,Yes,Yes,No,No
9,72.9,651.4,Month-to-Month,Cable,Credit Card,No,Yes,Yes,Yes,No
71,85.45,6300.85,One Year,DSL,Bank Withdrawal,Yes,Yes,No,No,No
66,109.25,7082.5,Two Year,Fiber Optic,Bank Withdrawal,Yes,No,No,No,No
55,77.75,4266.4,Month-to-Month,Fiber Optic,Credit Card,No,No,Yes,No,No
2,79.75,164.5,Month-to-Month,Fiber Optic,Bank Withdrawal,No,No,Yes,Yes,Yes
1,24.4,24.4,Month-to-Month,DSL,Credit Card,No,No,No,No,No
2,74.7,165.4,Month-to-Month,Fiber Optic,Bank Withdrawal,No,No,Yes,Yes,Yes
39,49.8,1971.15,Two Year,DSL,Bank Withdrawal,No,Yes,Yes,No,No
6,84.35,474.9,Month-to-Month,Fiber Optic,Bank Withdrawal,No,No,Yes,Yes,Yes
64,111.15,6953.4,Month-to-Month,Fiber Optic,Bank Withdrawal,No,Yes,Yes,No,No
67,89.55,6038.55,One Year,Fiber Optic,Bank Withdrawal,Yes,Yes,No,No,No
34,64.2,2106.3,One Year,Cable,Bank Withdrawal,No,Yes,No,No,No
3,97.9,315.3,Month-to-Month,Fiber Optic,Bank Withdrawal,No,Yes,Yes,Yes,Yes
66,105.95,6975.25,One Year,Fiber Optic,Credit Card,No,Yes,Yes,Yes,No
41,113.6,4594.95,Month-to-Month,Fiber Optic,Bank Withdrawal,Yes,Yes,Yes,Yes,Yes
24,55.15,1319.85,Month-to-Month,DSL,Bank Withdrawal,Yes,Yes,No,No,No
72,64.8,4732.35,Two Year,DSL,Bank Withdrawal,Yes,Yes,Yes,No,No
61,89.2,5500.6,Month-to-Month,Fiber Optic,Credit Card,No,No,No,No,No
1,73.55,73.55,Month-to-Month,Fiber Optic,Bank Withdrawal,No,No,Yes,Yes,Yes
20,107.05,2172.05,One Year,Fiber Optic,Bank Withdrawal,No,Yes,No,No,No
64,111.45,7266.95,One Year,Fiber Optic,Bank Withdrawal,No,Yes,Yes,No,No
72,113.4,8164.1,Two Year,Fiber Optic,Bank Withdrawal,Yes,Yes,No,No,No
70,74.1,5222.3,One Year,DSL,Credit Card,Yes,Yes,No,No,No
1,50.9,50.9,Month-to-Month,DSL,Credit Card,No,No,No,Yes,No
10,60.95,629.55,Month-to-Month,Cable,Credit Card,No,Yes,Yes,No,No
1,50.15,50.15,Month-to-Month,DSL,Bank Withdrawal,No,No,Yes,No,Yes
36,95.4,3474.2,Month-to-Month,Fiber Optic,Bank Withdrawal,No,No,Yes,No,No
25,76.15,1992.95,Month-to-Month,DSL,Credit Card,Yes,Yes,Yes,No,No
3,75.15,216.75,Month-to-Month,Fiber Optic,Credit Card,No,No,Yes,Yes,Yes
1,62.8,62.8,Month-to-Month,Cable,Credit Card,No,No,Yes,No,Yes
63,79.85,4861.45,Two Year,DSL,Credit Card,Yes,Yes,Yes,No,No
17,80.85,1400.85,Month-to-Month,Fiber Optic,Bank Withdrawal,No,No,No,Yes,No
6,47.95,305.1,Month-to-Month,DSL,Bank Withdrawal,No,No,Yes,Yes,Yes
66,85.9,5595.3,Two Year,DSL,Bank Withdrawal,Yes,Yes,Yes,No,No
70,114.95,7711.25,Two Year,Fiber Optic,Bank Withdrawal,Yes,Yes,Yes,No,No
29,70.75,1974.8,Month-to-Month,Fiber Optic,Bank Withdrawal,No,No,Yes,Yes,No
30,84.3,2438.6,Month-to-Month,Fiber Optic,Credit Card,Yes,No,Yes,No,No
39,35.55,1309.15,One Year,DSL,Credit Card,No,Yes,No,No,No
45,50.9,2333.85,Month-to-Month,DSL,Bank Withdrawal,Yes,No,Yes,No,No
60,79.05,4663.4,Month-to-Month,DSL,Credit Card,Yes,Yes,Yes,No,No
37,64.65,2347.85,One Year,Cable,Bank Withdrawal,Yes,No,No,No,No
27,88.3,2467.75,Month-to-Month,Fiber Optic,Credit Card,No,No,No,Yes,No
40,97.1,3706.95,Month-to-Month,Fiber Optic,Bank Withdrawal,No,No,Yes,Yes,Yes
51,94.0,4905.75,One Year,Fiber Optic,Bank Withdrawal,No,No,Yes,No,No
13,56.0,764.55,Month-to-Month,DSL,Bank Withdrawal,Yes,No,Yes,No,No
37,72.25,2575.45,Two Year,Fiber Optic,Bank Withdrawal,No,No,Yes,No,No
29,87.8,2621.75,Month-to-Month,Fiber Optic,Credit Card,No,No,Yes,No,Yes
51,75.2,3901.25,Two Year,DSL,Bank Withdrawal,No,Yes,Yes,No,No
12,99.95,1132.75,Month-to-Month,Fiber Optic,Credit Card,No,Yes,Yes,Yes,Yes
19,89.1,1620.8,Month-to-Month,Fiber Optic,Bank Withdrawal,No,No,Yes,No,Yes
35,54.95,1916.0,One Year,Cable,Bank Withdrawal,Yes,Yes,Yes,No,No
60,50.8,3027.4,Month-to-Month,Cable,Bank Withdrawal,No,No,Yes,Yes,No
71,93.25,6669.45,Month-to-Month,Fiber Optic,Bank Withdrawal,No,No,Yes,No,No
43,109.55,4830.25,One Year,Fiber Optic,Credit Card,Yes,Yes,Yes,Yes,No
72,99.4,7285.7,Two Year,Fiber Optic,Bank Withdrawal,No,No,Yes,No,No
6,80.5,502.85,Month-to-Month,Fiber Optic,Bank Withdrawal,No,Yes,Yes,Yes,No
30,74.65,2308.6,One Year,DSL,Credit Card,Yes,Yes,No,No,No
5,49.2,216.9,Month-to-Month,DSL,Bank Withdrawal,No,Yes,Yes,Yes,No
22,78.85,1600.25,Month-to-Month,Fiber Optic,Credit Card,No,No,Yes,No,No
49,88.2,4159.45,One Year,Fiber Optic,Bank Withdrawal,Yes,No,Yes,No,No
1,69.8,69.8,Month-to-Month,Fiber Optic,Bank Withdrawal,No,No,Yes,Yes,Yes
1,69.6,69.6,Month-to-Month,Fiber Optic,Bank Withdrawal,No,No,Yes,Yes,Yes
1,25.2,25.2,Month-to-Month,DSL,Mailed Check,No,No,No,Yes,Yes
31,59.05,1882.8,Month-to-Month,Cable,Credit Card,No,No,Yes,No,No
50,54.9,2614.1,One Year,DSL,Bank Withdrawal,No,No,No,No,No
1,29.15,29.15,Month-to-Month,DSL,Credit Card,No,Yes,No,No,No
4,82.85,319.6,Month-to-Month,Fiber Optic,Credit Card,No,No,Yes,No,Yes
1,70.3,70.3,Month-to-Month,Fiber Optic,Bank Withdrawal,No,No,Yes,Yes,Yes
6,45.5,285.2,Month-to-Month,DSL,Credit Card,No,No,No,No,No
34,109.8,3587.25,Month-to-Month,Fiber Optic,Credit Card,Yes,No,Yes,Yes,No
67,111.05,7321.05,Two Year,Fiber Optic,Bank Withdrawal,Yes,Yes,Yes,No,No
5,100.5,514.0,Month-to-Month,Fiber Optic,Bank Withdrawal,No,No,Yes,Yes,Yes
47,100.5,4707.1,Month-to-Month,Fiber Optic,Bank Withdrawal,No,No,Yes,No,Yes
12,51.25,612.1,Month-to-Month,Cable,Bank Withdrawal,No,No,Yes,No,No
34,69.15,2275.1,Two Year,Fiber Optic,Credit Card,No,No,No,No,No
2,70.75,154.85,Month-to-Month,Fiber Optic,Bank Withdrawal,No,No,No,Yes,Yes
3,55.9,157.55,Month-to-Month,Cable,Credit Card,Yes,No,No,No,No
32,72.8,2333.05,One Year,DSL,Credit Card,Yes,Yes,Yes,No,No
29,94.45,2653.65,Month-to-Month,Fiber Optic,Bank Withdrawal,No,No,Yes,Yes,Yes
53,110.5,5835.5,One Year,Fiber Optic,Bank Withdrawal,Yes,Yes,No,No,No
8,65.45,554.45,Month-to-Month,Cable,Bank Withdrawal,No,Yes,Yes,No,No
11,25.2,321.05,Month-to-Month,DSL,Bank Withdrawal,No,No,No,No,No
72,115.5,8312.75,Two Year,Fiber Optic,Bank Withdrawal,Yes,Yes,Yes,No,No
68,111.75,7511.3,Two Year,Fiber Optic,Credit Card,Yes,Yes,No,No,No
27,90.15,2423.4,Month-to-Month,Fiber Optic,Bank Withdrawal,No,No,No,No,No
14,66.6,979.5,Month-to-Month,DSL,Credit Card,No,Yes,Yes,No,No
3,25.3,77.75,Month-to-Month,DSL,Bank Withdrawal,No,No,No,Yes,Yes
1,49.05,49.05,Month-to-Month,Cable,Credit Card,No,Yes,No,No,No
38,94.65,3624.3,Month-to-Month,Fiber Optic,Bank Withdrawal,No,No,Yes,Yes,No
62,72.0,4284.2,Two Year,Cable,Credit Card,Yes,No,Yes,No,No
54,24.95,1364.75,Month-to-Month,DSL,Bank Withdrawal,No,No,Yes,No,No
59,85.55,5084.65,One Year,Fiber Optic,Bank Withdrawal,No,No,No,Yes,No
68,54.1,3794.5,Two Year,Cable,Bank Withdrawal,Yes,No,Yes,No,No
32,73.6,2316.85,Two Year,DSL,Credit Card,Yes,Yes,No,No,No
17,92.55,1614.7,Month-to-Month,Fiber Optic,Bank Withdrawal,No,No,Yes,No,Yes
69,95.35,6382.0,Two Year,Fiber Optic,Bank Withdrawal,No,No,Yes,No,No
22,67.5,1544.05,One Year,Cable,Bank Withdrawal,Yes,Yes,Yes,Yes,No
13,76.2,981.45,Month-to-Month,DSL,Bank Withdrawal,Yes,Yes,Yes,No,No
64,73.55,4764.0,Month-to-Month,Fiber Optic,Credit Card,Yes,No,Yes,No,No
8,83.55,680.05,Month-to-Month,Cable,Bank Withdrawal,No,No,Yes,Yes,Yes
52,80.2,4297.6,One Year,Fiber Optic,Credit Card,No,No,Yes,No,No
4,64.4,253.0,Month-to-Month,Cable,Credit Card,No,Yes,Yes,No,No
54,94.1,5060.9,One Year,Fiber Optic,Credit Card,No,No,Yes,No,No
3,29.7,91.7,Month-to-Month,Cable,Credit Card,Yes,No,No,Yes,No
15,96.5,1392.25,Month-to-Month,Fiber Optic,Bank Withdrawal,Yes,No,Yes,No,Yes
7,29.8,220.45,One Year,DSL,Bank Withdrawal,Yes,No,No,No,No
25,61.6,1611.0,One Year,Cable,Bank Withdrawal,Yes,No,Yes,No,No
6,85.95,514.6,Month-to-Month,Fiber Optic,Credit Card,No,No,Yes,No,Yes
35,61.0,2130.45,Month-to-Month,DSL,Credit Card,Yes,No,No,No,No
57,101.3,5779.6,Two Year,Fiber Optic,Credit Card,Yes,Yes,No,No,No
53,95.95,5036.9,One Year,Fiber Optic,Bank Withdrawal,Yes,No,No,No,No
25,69.5,1752.65,One Year,DSL,Credit Card,Yes,Yes,Yes,No,No
1,44.15,44.15,Month-to-Month,DSL,Credit Card,No,No,Yes,Yes,No
10,85.25,855.3,Month-to-Month,Fiber Optic,Bank Withdrawal,No,No,Yes,Yes,Yes
2,70.15,123.8,Month-to-Month,Fiber Optic,Bank Withdrawal,No,No,Yes,No,Yes
33,105.35,3465.05,Two Year,Fiber Optic,Bank Withdrawal,No,No,Yes,No,No
1,47.95,47.95,Month-to-Month,DSL,Bank Withdrawal,Yes,No,No,No,No
20,61.6,1174.35,Month-to-Month,DSL,Credit Card,No,No,Yes,Yes,No
59,109.15,6557.75,One Year,Fiber Optic,Credit Card,Yes,No,Yes,No,No
72,66.75,4760.3,Two Year,Cable,Credit Card,Yes,Yes,No,No,No
2,79.85,152.45,Month-to-Month,Fiber Optic,Bank Withdrawal,No,Yes,Yes,Yes,Yes
43,60.4,2640.55,One Year,DSL,Credit Card,Yes,Yes,Yes,No,No
44,54.05,2375.2,Two Year,Cable,Credit Card,Yes,Yes,Yes,No,No
4,84.6,360.1,Month-to-Month,Cable,Bank Withdrawal,No,No,Yes,Yes,Yes
14,75.35,1025.95,Month-to-Month,Cable,Bank Withdrawal,No,No,No,Yes,No
13,96.65,1244.5,Month-to-Month,Fiber Optic,Bank Withdrawal,Yes,No,Yes,Yes,Yes
1,45.1,45.1,Month-to-Month,DSL,Credit Card,No,No,No,Yes,No
72,108.2,7840.6,Two Year,Fiber Optic,Bank Withdrawal,No,Yes,Yes,No,No
71,79.05,5552.5,One Year,Fiber Optic,Credit Card,No,No,Yes,No,No
1,45.1,45.1,Month-to-Month,Cable,Bank Withdrawal,No,No,No,Yes,Yes
4,49.4,184.4,Month-to-Month,Cable,Bank Withdrawal,Yes,No,Yes,Yes,Yes
11,73.5,791.75,Month-to-Month,Fiber Optic,Bank Withdrawal,Yes,No,Yes,Yes,No
42,54.55,2455.05,Month-to-Month,DSL,Credit Card,Yes,No,No,No,No
31,89.9,2806.9,Month-to-Month,Fiber Optic,Bank Withdrawal,No,No,Yes,Yes,Yes
41,83.75,3273.55,Month-to-Month,Fiber Optic,Bank Withdrawal,Yes,No,Yes,Yes,No
31,80.55,2471.6,Two Year,DSL,Bank Withdrawal,No,Yes,No,No,No
66,105.0,7133.25,Month-to-Month,Fiber Optic,Credit Card,No,No,Yes,Yes,Yes
40,81.2,3292.3,Month-to-Month,Fiber Optic,Bank Withdrawal,No,No,Yes,No,Yes
1,69.55,69.55,Month-to-Month,Fiber Optic,Bank Withdrawal,No,No,Yes,Yes,Yes
3,82.3,214.4,Month-to-Month,Fiber Optic,Credit Card,Yes,Yes,Yes,No,No
1,55.0,55.0,Month-to-Month,DSL,Credit Card,No,No,Yes,Yes,No
66,108.1,7181.95,One Year,Fiber Optic,Credit Card,No,Yes,Yes,No,No
22,56.25,1292.2,One Year,DSL,Credit Card,Yes,Yes,Yes,No,No
7,61.4,438.9,Month-to-Month,DSL,Bank Withdrawal,Yes,No,No,No,No
10,95.2,930.4,Month-to-Month,Fiber Optic,Bank Withdrawal,No,No,No,Yes,Yes
37,76.5,2868.15,Month-to-Month,Fiber Optic,Bank Withdrawal,No,No,Yes,Yes,Yes
34,25.05,852.7,Month-to-Month,Cable,Bank Withdrawal,No,No,Yes,No,No
72,90.35,6563.4,Two Year,Fiber Optic,Bank Withdrawal,Yes,Yes,Yes,No,No
19,103.3,2012.7,Month-to-Month,Fiber Optic,Bank Withdrawal,No,Yes,No,Yes,Yes
28,59.9,1654.7,One Year,DSL,Bank Withdrawal,Yes,Yes,Yes,No,No
7,76.45,503.6,Month-to-Month,Fiber Optic,Bank Withdrawal,Yes,No,No,Yes,No
2,87.15,183.75,Month-to-Month,Fiber Optic,Bank Withdrawal,No,No,Yes,Yes,Yes
4,76.05,318.9,Month-to-Month,Fiber Optic,Bank Withdrawal,No,No,Yes,Yes,Yes
2,79.95,174.45,Month-to-Month,Fiber Optic,Bank Withdrawal,No,No,Yes,No,Yes
5,64.35,352.65,Month-to-Month,DSL,Bank Withdrawal,Yes,Yes,Yes,No,No
15,30.2,469.65,Month-to-Month,Cable,Bank Withdrawal,Yes,No,Yes,No,No
5,81.3,416.3,Month-to-Month,Fiber Optic,Bank Withdrawal,No,No,Yes,Yes,Yes
22,89.25,1907.85,Month-to-Month,Fiber Optic,Bank Withdrawal,No,No,No,Yes,No
1,55.0,55.0,Month-to-Month,Cable,Bank Withdrawal,No,No,Yes,Yes,Yes
41,68.5,2839.95,One Year,DSL,Bank Withdrawal,No,No,No,No,No
16,78.75,1218.25,Month-to-Month,Fiber Optic,Bank Withdrawal,No,No,Yes,No,Yes
44,84.8,3626.35,Month-to-Month,Fiber Optic,Credit Card,Yes,No,Yes,No,No
1,79.65,79.65,Month-to-Month,Fiber Optic,Bank Withdrawal,No,No,Yes,Yes,Yes
72,89.55,6448.85,Two Year,DSL,Credit Card,Yes,Yes,Yes,No,No
71,97.65,6687.85,One Year,Fiber Optic,Credit Card,Yes,Yes,No,No,No
2,75.45,158.4,Month-to-Month,Fiber Optic,Credit Card,No,No,Yes,Yes,Yes
40,64.1,2460.35,Month-to-Month,DSL,Credit Card,Yes,Yes,Yes,No,No
26,75.0,1908.35,One Year,DSL,Bank Withdrawal,Yes,Yes,No,No,No
57,59.6,3509.4,One Year,DSL,Credit Card,Yes,Yes,No,No,No
26,51.55,1295.4,One Year,Cable,Credit Card,No,No,Yes,No,No
3,36.85,108.7,Month-to-Month,DSL,Mailed Check,No,Yes,Yes,Yes,Yes
62,104.05,6590.5,Two Year,Fiber Optic,Bank Withdrawal,No,Yes,Yes,No,No
33,88.95,3027.65,Two Year,Fiber Optic,Bank Withdrawal,Yes,Yes,Yes,No,No
18,55.95,1082.8,Month-to-Month,DSL,Credit Card,No,No,No,No,No
58,103.25,6017.65,One Year,Fiber Optic,Bank Withdrawal,No,No,Yes,Yes,No
52,53.75,2790.65,One Year,DSL,Bank Withdrawal,Yes,No,No,No,No
62,115.05,7133.45,One Year,Fiber Optic,Credit Card,Yes,Yes,Yes,No,No
13,49.95,587.45,Month-to-Month,DSL,Mailed Check,Yes,No,Yes,No,No
14,50.1,709.5,Month-to-Month,Cable,Bank Withdrawal,Yes,No,No,No,No
1,59.55,59.55,Month-to-Month,Cable,Credit Card,No,Yes,Yes,No,Yes
23,84.4,1936.85,Month-to-Month,Fiber Optic,Mailed Check,Yes,Yes,No,No,No
5,51.35,262.3,Month-to-Month,DSL,Bank Withdrawal,No,No,Yes,No,Yes
28,85.45,2289.9,Month-to-Month,Fiber Optic,Bank Withdrawal,No,No,No,No,No
35,55.25,1924.1,Two Year,DSL,Credit Card,Yes,No,No,No,No
37,55.05,2030.75,Month-to-Month,DSL,Mailed Check,Yes,No,Yes,No,Yes
5,70.25,331.9,Month-to-Month,Fiber Optic,Credit Card,No,No,Yes,Yes,No
47,110.85,5275.8,One Year,Fiber Optic,Credit Card,Yes,Yes,Yes,Yes,No
11,75.25,888.65,Month-to-Month,Fiber Optic,Bank Withdrawal,No,No,No,No,Yes
54,79.85,4308.25,Month-to-Month,Fiber Optic,Bank Withdrawal,No,No,Yes,No,No
53,71.85,3827.9,Month-to-Month,Cable,Bank Withdrawal,Yes,Yes,No,No,No
37,96.1,3646.8,Month-to-Month,Fiber Optic,Credit Card,No,No,Yes,No,Yes
27,86.45,2401.05,Two Year,Fiber Optic,Bank Withdrawal,No,No,Yes,No,No
51,84.2,4146.05,Month-to-Month,Cable,Bank Withdrawal,No,No,Yes,Yes,Yes
27,101.25,2754.45,Month-to-Month,Fiber Optic,Bank Withdrawal,Yes,No,Yes,Yes,Yes
65,106.25,6979.8,One Year,Fiber Optic,Bank Withdrawal,No,No,Yes,Yes,No
28,59.55,1646.45,Month-to-Month,Cable,Bank Withdrawal,No,No,Yes,No,No
55,57.55,3046.4,Two Year,DSL,Bank Withdrawal,Yes,Yes,No,Yes,No
38,78.95,2862.55,One Year,Cable,Credit Card,No,No,No,No,No
38,94.9,3616.25,Two Year,Fiber Optic,Bank Withdrawal,No,Yes,Yes,No,No
19,65.35,1231.85,One Year,DSL,Bank Withdrawal,No,Yes,Yes,No,No
68,114.9,7843.55,Two Year,Fiber Optic,Bank Withdrawal,Yes,Yes,No,No,No
49,99.05,4853.75,Month-to-Month,Fiber Optic,Bank Withdrawal,No,No,Yes,Yes,Yes
71,81.85,5924.4,Two Year,DSL,Bank Withdrawal,Yes,Yes,No,No,No
4,79.9,324.3,Month-to-Month,Fiber Optic,Bank Withdrawal,No,No,Yes,Yes,Yes
42,79.35,3344.1,One Year,Fiber Optic,Bank Withdrawal,No,No,Yes,No,No
60,90.95,5453.4,One Year,Fiber Optic,Bank Withdrawal,No,No,No,Yes,No
20,85.25,1734.5,Month-to-Month,Fiber Optic,Bank Withdrawal,No,No,Yes,Yes,Yes
65,104.25,6812.95,Month-to-Month,Fiber Optic,Bank Withdrawal,Yes,No,Yes,No,No
31,75.5,2424.45,One Year,DSL,Credit Card,Yes,Yes,Yes,No,No
10,29.75,301.9,Month-to-Month,DSL,Mailed Check,Yes,No,No,No,Yes
49,100.85,4847.35,Month-to-Month,Fiber Optic,Mailed Check,Yes,No,Yes,No,No
51,29.45,1459.35,Month-to-Month,DSL,Credit Card,No,No,Yes,No,No
1,24.8,24.8,Month-to-Month,Cable,Bank Withdrawal,No,No,No,Yes,Yes
6,82.85,460.25,Month-to-Month,Fiber Optic,Bank Withdrawal,No,No,Yes,Yes,Yes
26,50.35,1277.5,Month-to-Month,DSL,Credit Card,No,No,Yes,No,No
2,54.45,87.3,Month-to-Month,DSL,Credit Card,Yes,Yes,Yes,No,Yes
42,84.65,3541.35,Month-to-Month,Fiber Optic,Bank Withdrawal,No,No,Yes,Yes,No
61,99.0,5969.3,One Year,Fiber Optic,Bank Withdrawal,No,No,No,No,No
60,115.25,6758.45,Two Year,Fiber Optic,Credit Card,Yes,Yes,No,No,No
56,99.8,5515.45,One Year,Fiber Optic,Credit Card,No,No,Yes,No,No
31,25.0,789.2,Month-to-Month,Cable,Credit Card,No,No,No,No,No
52,104.45,5481.25,One Year,Fiber Optic,Bank Withdrawal,Yes,Yes,Yes,No,No
57,90.45,5229.8,Two Year,Fiber Optic,Credit Card,No,Yes,Yes,No,No
20,91.0,1859.5,One Year,Fiber Optic,Bank Withdrawal,No,No,Yes,No,No
32,101.35,3334.9,Month-to-Month,Fiber Optic,Bank Withdrawal,No,No,Yes,No,Yes
67,105.4,7035.6,One Year,Fiber Optic,Credit Card,Yes,Yes,Yes,No,No
38,95.1,3691.2,Month-to-Month,Fiber Optic,Credit Card,No,No,Yes,No,No
43,89.55,3856.75,Month-to-Month,Fiber Optic,Mailed Check,No,No,Yes,Yes,No
1,50.1,50.1,Month-to-Month,DSL,Credit Card,No,No,Yes,Yes,No
41,80.25,3439.0,Month-to-Month,Fiber Optic,Bank Withdrawal,No,No,Yes,No,Yes
56,103.2,5873.75,Two Year,Fiber Optic,Bank Withdrawal,No,Yes,Yes,No,No
59,93.35,5386.5,Month-to-Month,Fiber Optic,Bank Withdrawal,No,Yes,No,No,No
1,69.6,69.6,Month-to-Month,Fiber Optic,Bank Withdrawal,No,No,Yes,Yes,Yes
70,80.6,5460.2,Two Year,DSL,Bank Withdrawal,Yes,Yes,Yes,No,No
44,84.8,3862.55,Month-to-Month,Fiber Optic,Bank Withdrawal,No,No,Yes,Yes,No
57,99.65,5497.05,Month-to-Month,Fiber Optic,Bank Withdrawal,Yes,No,Yes,No,No
42,59.65,2536.55,Month-to-Month,Cable,Bank Withdrawal,Yes,No,No,No,No
30,55.3,1530.6,Month-to-Month,Cable,Bank Withdrawal,Yes,No,Yes,No,No
4,44.8,176.2,Month-to-Month,DSL,Credit Card,No,No,Yes,No,No
5,89.5,477.7,Month-to-Month,Fiber Optic,Bank Withdrawal,No,No,Yes,Yes,Yes
40,104.5,4036.85,Month-to-Month,Fiber Optic,Credit Card,No,No,Yes,Yes,No
72,109.75,7758.9,Two Year,Fiber Optic,Credit Card,No,Yes,Yes,No,No
59,76.45,4519.5,Two Year,DSL,Credit Card,Yes,Yes,Yes,No,No
1,75.55,75.55,Month-to-Month,Fiber Optic,Bank Withdrawal,No,No,No,No,Yes
1,35.0,35.0,Month-to-Month,DSL,Bank Withdrawal,No,No,No,No,Yes
11,51.1,531.15,Month-to-Month,DSL,Bank Withdrawal,No,No,No,No,No
69,81.95,5601.4,Two Year,DSL,Bank Withdrawal,No,Yes,Yes,No,No
16,49.45,799.0,Month-to-Month,DSL,Credit Card,No,Yes,Yes,No,No
67,105.7,6816.95,One Year,Fiber Optic,Bank Withdrawal,No,No,Yes,No,No
13,80.0,1029.35,Month-to-Month,Fiber Optic,Credit Card,Yes,No,Yes,No,No
4,99.6,347.65,Month-to-Month,Fiber Optic,Bank Withdrawal,Yes,No,Yes,Yes,Yes
18,78.2,1468.75,Month-to-Month,Fiber Optic,Bank Withdrawal,No,Yes,No,No,No
12,74.75,827.05,Month-to-Month,DSL,Bank Withdrawal,No,No,No,No,No
1,54.75,54.75,Month-to-Month,DSL,Mailed Check,No,No,Yes,Yes,Yes
55,100.0,5509.3,One Year,Fiber Optic,Bank Withdrawal,No,No,Yes,Yes,No
45,99.7,4634.35,Two Year,Fiber Optic,Bank Withdrawal,No,No,No,No,No
70,64.95,4551.5,One Year,Cable,Bank Withdrawal,Yes,Yes,No,No,No
29,94.2,2607.6,Month-to-Month,Fiber Optic,Bank Withdrawal,No,Yes,Yes,No,No
1,46.0,46.0,Month-to-Month,DSL,Bank Withdrawal,No,No,No,Yes,Yes
40,56.6,2379.1,Month-to-Month,DSL,Credit Card,No,No,No,No,No
1,69.4,69.4,Month-to-Month,Fiber Optic,Mailed Check,No,No,Yes,Yes,Yes
59,83.25,4949.1,Month-to-Month,Fiber Optic,Bank Withdrawal,No,No,Yes,No,No
62,80.4,4981.15,Month-to-Month,DSL,Bank Withdrawal,No,Yes,Yes,No,No
70,113.0,7987.6,Two Year,Fiber Optic,Credit Card,Yes,Yes,Yes,No,No
59,80.1,4693.2,One Year,DSL,Bank Withdrawal,No,Yes,Yes,No,No
42,63.7,2763.35,One Year,DSL,Credit Card,Yes,Yes,No,No,No
11,58.95,601.6,Month-to-Month,Cable,Credit Card,No,No,Yes,No,No
44,94.4,4295.35,One Year,Fiber Optic,Bank Withdrawal,No,No,No,No,No
72,86.4,6058.95,Two Year,DSL,Bank Withdrawal,Yes,Yes,Yes,No,No
42,104.75,4323.45,Month-to-Month,Fiber Optic,Bank Withdrawal,No,No,Yes,Yes,Yes
59,66.4,3958.2,One Year,DSL,Credit Card,Yes,No,No,No,No
4,57.2,223.75,Month-to-Month,Cable,Credit Card,Yes,No,Yes,No,No
25,53.65,1355.45,One Year,DSL,Credit Card,No,No,No,No,No
25,70.95,1767.35,Month-to-Month,Fiber Optic,Credit Card,No,No,No,Yes,No
54,109.55,6118.95,Month-to-Month,Fiber Optic,Bank Withdrawal,Yes,No,No,No,No
55,96.75,5238.9,Month-to-Month,Fiber Optic,Bank Withdrawal,Yes,No,Yes,Yes,No
32,70.5,2201.75,One Year,DSL,Credit Card,Yes,Yes,No,No,No
20,50.0,1003.05,Month-to-Month,DSL,Credit Card,No,Yes,No,No,No
51,107.45,5680.9,One Year,Fiber Optic,Bank Withdrawal,Yes,No,No,No,No
11,70.2,760.05,Month-to-Month,Fiber Optic,Bank Withdrawal,No,No,No,No,No
72,79.05,5730.7,Two Year,Fiber Optic,Bank Withdrawal,Yes,No,No,No,No
11,41.6,470.6,One Year,DSL,Bank Withdrawal,No,No,Yes,Yes,No
19,48.8,953.65,Month-to-Month,Cable,Credit Card,No,Yes,No,No,No
27,36.5,1032.0,Month-to-Month,DSL,Bank Withdrawal,No,No,No,Yes,No
14,46.35,672.7,Two Year,Cable,Bank Withdrawal,No,No,Yes,No,No
48,69.7,3023.65,One Year,DSL,Bank Withdrawal,Yes,Yes,No,No,No
68,76.75,5233.25,One Year,DSL,Credit Card,Yes,No,No,No,No
63,83.0,5243.05,One Year,DSL,Bank Withdrawal,Yes,Yes,No,No,No
70,105.35,7511.9,Two Year,Fiber Optic,Credit Card,Yes,No,No,No,No
22,59.05,1253.5,Month-to-Month,DSL,Credit Card,Yes,Yes,Yes,No,No
1,70.85,70.85,Month-to-Month,Fiber Optic,Credit Card,No,No,No,Yes,Yes
28,91.25,2483.65,One Year,Fiber Optic,Bank Withdrawal,No,Yes,Yes,No,No
70,69.2,4872.35,Two Year,DSL,Credit Card,Yes,No,Yes,No,No
72,84.1,5981.65,Two Year,DSL,Credit Card,Yes,No,Yes,No,No
1,94.6,94.6,Month-to-Month,Fiber Optic,Bank Withdrawal,No,No,Yes,Yes,Yes
23,90.6,1943.2,Month-to-Month,Cable,Bank Withdrawal,No,Yes,Yes,Yes,Yes
22,55.1,1253.15,Month-to-Month,DSL,Mailed Check,Yes,Yes,No,No,No
7,75.1,552.95,Month-to-Month,Fiber Optic,Bank Withdrawal,No,No,Yes,Yes,Yes
29,70.9,1964.6,One Year,DSL,Credit Card,No,No,No,No,No
11,64.9,716.1,Month-to-Month,Cable,Bank Withdrawal,No,No,Yes,No,No
44,89.2,4040.2,Two Year,Fiber Optic,Bank Withdrawal,No,No,Yes,No,No
60,101.15,6067.4,Two Year,Fiber Optic,Credit Card,No,No,No,No,No
2,79.75,159.4,Month-to-Month,Fiber Optic,Bank Withdrawal,No,No,Yes,Yes,Yes
4,49.35,219.65,Month-to-Month,DSL,Bank Withdrawal,Yes,No,No,Yes,No
18,33.6,550.35,Month-to-Month,DSL,Credit Card,Yes,No,No,No,No
36,55.8,1941.5,One Year,DSL,Bank Withdrawal,No,No,No,No,No
60,76.95,4543.95,Two Year,DSL,Bank Withdrawal,No,Yes,No,No,No
2,70.35,139.25,Month-to-Month,Fiber Optic,Bank Withdrawal,No,No,No,No,Yes
43,84.25,3539.25,One Year,Fiber Optic,Bank Withdrawal,Yes,Yes,Yes,No,No
22,93.2,2157.3,Month-to-Month,Fiber Optic,Credit Card,No,No,Yes,No,No
5,71.45,371.6,Two Year,Fiber Optic,Credit Card,No,No,Yes,No,No
40,70.75,2921.75,One Year,DSL,Credit Card,No,Yes,No,No,No
59,99.5,5961.1,One Year,Fiber Optic,Bank Withdrawal,No,No,Yes,Yes,No
5,55.8,274.35,Month-to-Month,DSL,Credit Card,Yes,No,Yes,No,No
45,105.15,4730.9,Month-to-Month,Fiber Optic,Bank Withdrawal,Yes,No,Yes,No,Yes
7,48.7,340.25,Month-to-Month,DSL,Bank Withdrawal,No,No,No,Yes,No
6,45.0,298.7,Month-to-Month,Cable,Credit Card,No,No,No,No,No
62,108.15,6825.65,Two Year,Fiber Optic,Credit Card,Yes,Yes,No,No,No
32,98.85,3089.6,Month-to-Month,Fiber Optic,Bank Withdrawal,No,No,Yes,No,Yes
2,62.05,118.3,Month-to-Month,Cable,Bank Withdrawal,No,No,No,Yes,No
67,116.2,7752.3,Two Year,Fiber Optic,Credit Card,Yes,Yes,No,Yes,No
66,49.4,3251.85,One Year,Cable,Credit Card,No,Yes,Yes,No,No
17,44.6,681.4,One Year,Cable,Credit Card,No,No,No,No,No
43,103.0,4414.3,Month-to-Month,Fiber Optic,Bank Withdrawal,No,No,Yes,Yes,Yes
56,111.95,6418.9,One Year,Fiber Optic,Bank Withdrawal,No,Yes,Yes,Yes,No
72,111.9,8071.05,Two Year,Fiber Optic,Credit Card,Yes,Yes,Yes,No,No
41,74.55,3023.55,Month-to-Month,Cable,Credit Card,Yes,No,Yes,No,No
30,85.15,2555.9,Month-to-Month,Fiber Optic,Bank Withdrawal,No,Yes,No,Yes,No
49,78.0,3824.2,One Year,DSL,Credit Card,No,No,No,No,No
25,105.5,2686.05,Month-to-Month,Fiber Optic,Bank Withdrawal,Yes,Yes,Yes,No,Yes
23,83.8,1900.25,Month-to-Month,Fiber Optic,Bank Withdrawal,No,Yes,No,Yes,No
64,90.25,5629.15,One Year,Fiber Optic,Credit Card,No,No,No,No,No
52,66.25,3330.1,Two Year,DSL,Credit Card,Yes,Yes,No,No,No
4,74.95,308.7,Month-to-Month,Fiber Optic,Bank Withdrawal,No,No,No,Yes,Yes
15,101.25,1457.25,Month-to-Month,Fiber Optic,Bank Withdrawal,No,No,Yes,Yes,Yes
30,66.3,1923.5,Month-to-Month,DSL,Bank Withdrawal,Yes,Yes,No,No,No
68,56.4,3948.45,Two Year,DSL,Credit Card,Yes,Yes,Yes,No,No
26,95.0,2497.2,Month-to-Month,Fiber Optic,Bank Withdrawal,Yes,No,Yes,Yes,Yes
3,94.6,279.55,Month-to-Month,Fiber Optic,Bank Withdrawal,No,No,Yes,Yes,Yes
25,105.95,2655.25,Month-to-Month,Fiber Optic,Credit Card,No,No,No,Yes,Yes
66,54.65,3632.0,Two Year,DSL,Bank Withdrawal,No,Yes,No,No,No
2,94.2,167.5,Month-to-Month,Fiber Optic,Bank Withdrawal,No,Yes,Yes,Yes,Yes
15,84.35,1302.65,Month-to-Month,Fiber Optic,Credit Card,Yes,No,Yes,No,Yes
24,94.6,2283.15,Month-to-Month,Fiber Optic,Bank Withdrawal,Yes,No,Yes,No,Yes
3,50.6,155.35,Month-to-Month,Cable,Bank Withdrawal,No,No,Yes,Yes,Yes
21,86.5,1808.7,Month-to-Month,Fiber Optic,Bank Withdrawal,No,No,Yes,Yes,Yes
32,91.35,2896.55,One Year,Fiber Optic,Credit Card,No,No,Yes,No,No
12,45.9,505.95,Month-to-Month,DSL,Bank Withdrawal,No,No,No,No,No
10,94.9,1048.85,Month-to-Month,Fiber Optic,Bank Withdrawal,No,No,Yes,Yes,Yes
64,60.05,3845.45,Two Year,DSL,Bank Withdrawal,Yes,Yes,Yes,No,No
26,81.95,2070.05,Month-to-Month,Fiber Optic,Bank Withdrawal,Yes,No,No,No,No
48,34.7,1604.5,One Year,DSL,Mailed Check,No,No,No,Yes,No
70,106.5,7397.0,One Year,Fiber Optic,Bank Withdrawal,No,No,Yes,No,No
28,103.3,2890.65,Month-to-Month,Fiber Optic,Bank Withdrawal,No,Yes,Yes,Yes,Yes
24,74.8,1821.2,One Year,Cable,Credit Card,Yes,No,No,No,No
35,69.15,2490.15,Two Year,Cable,Credit Card,Yes,Yes,Yes,No,No
54,110.45,6077.75,Two Year,Fiber Optic,Bank Withdrawal,No,Yes,Yes,No,No
16,112.95,1882.55,Month-to-Month,Fiber Optic,Bank Withdrawal,Yes,Yes,Yes,No,Yes
18,75.4,1380.4,Month-to-Month,Fiber Optic,Bank Withdrawal,Yes,No,Yes,No,No
36,106.05,3834.4,Two Year,Fiber Optic,Credit Card,Yes,Yes,Yes,No,No
58,64.9,3795.45,Two Year,DSL,Credit Card,Yes,Yes,Yes,No,No
2,86.2,178.7,Month-to-Month,Fiber Optic,Mailed Check,No,No,Yes,Yes,Yes
7,74.4,527.9,Month-to-Month,Fiber Optic,Credit Card,No,No,Yes,Yes,Yes
59,101.1,6039.9,Month-to-Month,Fiber Optic,Bank Withdrawal,No,No,No,Yes,No
2,70.75,146.9,Month-to-Month,DSL,Bank Withdrawal,Yes,No,Yes,Yes,No
11,51.0,581.7,Month-to-Month,DSL,Bank Withdrawal,Yes,No,No,No,No
42,95.05,3944.5,One Year,Fiber Optic,Bank Withdrawal,No,No,Yes,No,No
1,50.45,50.45,Month-to-Month,DSL,Mailed Check,No,No,No,Yes,Yes
5,89.8,502.6,Month-to-Month,Fiber Optic,Bank Withdrawal,No,No,Yes,Yes,Yes
59,61.35,3645.5,One Year,DSL,Bank Withdrawal,No,No,Yes,No,No
21,77.5,1625.0,One Year,Cable,Mailed Check,Yes,Yes,No,Yes,No
1,50.55,50.55,Month-to-Month,DSL,Bank Withdrawal,No,No,No,Yes,Yes
34,116.25,3899.05,One Year,Fiber Optic,Credit Card,Yes,Yes,No,No,No
11,36.05,402.6,One Year,DSL,Credit Card,Yes,Yes,Yes,No,No
22,94.95,2142.8,Month-to-Month,Fiber Optic,Bank Withdrawal,No,Yes,Yes,No,No
33,107.55,3645.5,Month-to-Month,Fiber Optic,Bank Withdrawal,No,No,No,No,Yes
49,94.8,4690.65,Two Year,Fiber Optic,Bank Withdrawal,No,No,Yes,No,No
18,95.45,1752.55,Month-to-Month,Fiber Optic,Bank Withdrawal,No,No,Yes,Yes,Yes
72,115.55,8312.4,Two Year,Fiber Optic,Credit Card,Yes,Yes,Yes,No,No
66,102.4,6471.85,Two Year,Fiber Optic,Bank Withdrawal,Yes,No,Yes,No,No
71,90.3,6287.3,Two Year,DSL,Credit Card,Yes,Yes,No,No,No
18,85.45,1505.85,Month-to-Month,Fiber Optic,Bank Withdrawal,No,Yes,Yes,Yes,No
67,79.7,5293.4,Two Year,DSL,Bank Withdrawal,Yes,No,Yes,Yes,No
72,105.5,7611.55,Two Year,Fiber Optic,Bank Withdrawal,Yes,Yes,No,No,No
64,43.85,2751.0,Month-to-Month,DSL,Bank Withdrawal,No,Yes,Yes,No,No
69,79.45,5502.55,Two Year,DSL,Credit Card,Yes,Yes,Yes,No,No
35,62.15,2215.45,One Year,DSL,Bank Withdrawal,Yes,No,Yes,No,No
71,111.3,7985.9,Two Year,Fiber Optic,Credit Card,Yes,Yes,No,No,No
18,69.8,1221.65,Month-to-Month,Fiber Optic,Bank Withdrawal,No,No,Yes,No,No
72,83.3,6042.7,Two Year,Cable,Bank Withdrawal,Yes,Yes,Yes,No,No
72,92.0,6782.15,Two Year,DSL,Credit Card,Yes,Yes,Yes,No,No
72,77.35,5396.25,Two Year,DSL,Credit Card,No,Yes,No,No,No
7,73.75,545.15,Month-to-Month,Fiber Optic,Credit Card,No,No,No,Yes,No
68,105.25,7173.15,Two Year,Fiber Optic,Bank Withdrawal,Yes,No,Yes,No,No
17,34.4,592.75,Month-to-Month,Cable,Mailed Check,Yes,No,No,No,No
1,25.35,25.35,Month-to-Month,DSL,Credit Card,No,No,No,No,No
71,66.2,4692.55,One Year,DSL,Bank Withdrawal,Yes,No,Yes,No,No
5,79.9,343.95,Month-to-Month,Fiber Optic,Bank Withdrawal,No,No,Yes,Yes,Yes
1,90.6,90.6,Month-to-Month,Fiber Optic,Bank Withdrawal,No,No,No,Yes,Yes
18,85.2,1553.9,Month-to-Month,Fiber Optic,Bank Withdrawal,No,No,Yes,Yes,Yes
18,73.55,1359.45,Two Year,Fiber Optic,Bank Withdrawal,No,No,Yes,No,No
56,104.75,5841.35,Two Year,Fiber Optic,Bank Withdrawal,No,No,No,No,No
2,80.65,144.15,Month-to-Month,Fiber Optic,Bank Withdrawal,No,No,Yes,Yes,Yes
63,96.0,6109.75,One Year,Fiber Optic,Bank Withdrawal,No,No,Yes,No,No
70,104.45,7349.35,Two Year,Fiber Optic,Bank Withdrawal,No,Yes,Yes,No,No
59,110.15,6448.05,One Year,Fiber Optic,Bank Withdrawal,Yes,No,Yes,Yes,No
1,44.0,44.0,Month-to-Month,DSL,Bank Withdrawal,No,No,No,No,No
34,67.65,2339.3,Two Year,DSL,Credit Card,Yes,Yes,No,No,No
4,50.85,239.55,Month-to-Month,Cable,Credit Card,No,No,No,Yes,No
53,80.6,4348.1,Month-to-Month,Fiber Optic,Credit Card,No,Yes,Yes,No,No
59,72.1,4194.85,Two Year,Cable,Bank Withdrawal,No,Yes,Yes,No,No
39,53.85,2200.7,Two Year,DSL,Credit Card,No,Yes,Yes,No,No
7,96.2,639.7,Month-to-Month,Fiber Optic,Bank Withdrawal,No,No,No,No,Yes
3,75.3,244.1,Month-to-Month,DSL,Bank Withdrawal,No,Yes,Yes,No,No
10,35.75,389.8,Month-to-Month,DSL,Bank Withdrawal,No,Yes,No,No,No
35,89.65,3161.6,Month-to-Month,Fiber Optic,Bank Withdrawal,No,No,Yes,No,Yes
67,100.25,6689.0,One Year,Fiber Optic,Bank Withdrawal,Yes,Yes,Yes,No,No
24,80.25,1861.5,Month-to-Month,Fiber Optic,Bank Withdrawal,No,No,Yes,Yes,No
60,94.15,5811.8,One Year,Fiber Optic,Bank Withdrawal,Yes,No,No,No,No
23,99.25,2186.4,Month-to-Month,Fiber Optic,Bank Withdrawal,Yes,No,Yes,Yes,Yes
49,98.35,4889.2,Month-to-Month,Fiber Optic,Bank Withdrawal,No,No,Yes,No,Yes
67,100.9,6733.15,One Year,Fiber Optic,Credit Card,Yes,No,Yes,No,No
62,94.0,5757.2,One Year,Fiber Optic,Bank Withdrawal,No,No,Yes,No,No
10,70.3,676.15,One Year,Cable,Bank Withdrawal,Yes,No,No,No,No
4,85.65,338.9,Month-to-Month,Fiber Optic,Bank Withdrawal,No,No,Yes,Yes,Yes
4,29.65,118.5,Month-to-Month,DSL,Bank Withdrawal,No,No,Yes,Yes,Yes
14,54.25,773.2,One Year,DSL,Mailed Check,No,No,Yes,No,Yes
8,54.65,482.25,Month-to-Month,DSL,Credit Card,Yes,No,No,No,No
72,114.0,8093.15,Two Year,Fiber Optic,Bank Withdrawal,Yes,Yes,Yes,No,No
8,74.85,572.45,Month-to-Month,Fiber Optic,Bank Withdrawal,No,No,Yes,No,Yes
1,49.9,49.9,Month-to-Month,DSL,Mailed Check,No,Yes,Yes,Yes,Yes
1,45.8,45.8,Month-to-Month,Cable,Credit Card,No,No,Yes,No,Yes
4,55.3,238.5,Month-to-Month,DSL,Credit Card,No,No,Yes,No,No
59,68.7,4070.95,One Year,DSL,Bank Withdrawal,Yes,Yes,No,No,No
6,55.0,340.4,Month-to-Month,Cable,Bank Withdrawal,No,No,Yes,No,No
22,100.75,2095.0,Month-to-Month,Fiber Optic,Bank Withdrawal,Yes,No,Yes,Yes,Yes
16,93.2,1573.7,Month-to-Month,Fiber Optic,Credit Card,No,No,Yes,Yes,Yes
49,39.2,1838.15,Month-to-Month,DSL,Bank Withdrawal,Yes,No,Yes,No,No
62,104.3,6613.65,One Year,Fiber Optic,Bank Withdrawal,Yes,Yes,Yes,No,No
50,90.1,4549.45,One Year,Fiber Optic,Credit Card,Yes,Yes,Yes,No,No
1,95.65,95.65,Month-to-Month,Fiber Optic,Credit Card,No,No,No,Yes,Yes
51,93.65,4839.15,One Year,Fiber Optic,Bank Withdrawal,Yes,No,Yes,No,No
32,96.2,3183.4,Month-to-Month,Fiber Optic,Bank Withdrawal,No,Yes,Yes,Yes,No
45,62.7,2791.5,One Year,DSL,Credit Card,Yes,No,No,Yes,No
60,95.75,5742.9,Month-to-Month,Fiber Optic,Bank Withdrawal,No,No,Yes,Yes,No
4,72.2,305.55,Month-to-Month,Fiber Optic,Bank Withdrawal,No,No,Yes,Yes,Yes
42,100.4,4303.65,Two Year,Fiber Optic,Bank Withdrawal,No,Yes,Yes,No,No
14,81.95,1181.75,Two Year,Cable,Credit Card,No,Yes,No,No,No
1,70.2,70.2,Month-to-Month,Fiber Optic,Bank Withdrawal,No,No,Yes,No,Yes
70,60.35,4138.7,One Year,Cable,Bank Withdrawal,No,Yes,No,No,No
61,75.35,4729.3,Two Year,Cable,Credit Card,Yes,Yes,No,No,No
19,61.55,1093.2,Month-to-Month,Cable,Credit Card,No,Yes,Yes,No,No
1,48.75,48.75,Month-to-Month,DSL,Credit Card,Yes,No,Yes,No,Yes
6,109.9,669.45,Month-to-Month,Fiber Optic,Credit Card,No,Yes,Yes,Yes,No
66,56.75,3708.4,Two Year,Cable,Credit Card,No,No,Yes,No,No
11,69.35,712.25,Month-to-Month,DSL,Bank Withdrawal,No,No,Yes,No,No
66,45.55,3027.25,One Year,Cable,Bank Withdrawal,No,No,No,No,No
7,54.85,370.4,Month-to-Month,DSL,Mailed Check,No,No,No,No,Yes
14,76.1,1054.8,Two Year,Cable,Bank Withdrawal,Yes,Yes,No,No,No
54,55.45,2966.95,One Year,DSL,Bank Withdrawal,No,No,Yes,No,No
59,95.8,5655.45,Two Year,Fiber Optic,Bank Withdrawal,No,No,No,No,No
48,60.6,2985.25,One Year,DSL,Bank Withdrawal,Yes,Yes,Yes,No,No
72,111.6,8012.75,Two Year,Fiber Optic,Bank Withdrawal,No,Yes,Yes,No,No
40,54.55,2236.2,One Year,DSL,Bank Withdrawal,Yes,Yes,Yes,No,No
51,60.5,3145.15,One Year,Cable,Bank Withdrawal,Yes,Yes,Yes,No,No
34,99.85,3343.15,One Year,Fiber Optic,Bank Withdrawal,No,No,Yes,No,No
42,50.25,2203.65,Month-to-Month,Cable,Bank Withdrawal,No,No,Yes,Yes,No
44,88.15,3973.2,Month-to-Month,Fiber Optic,Credit Card,No,No,Yes,No,No
62,65.1,3846.75,Two Year,DSL,Credit Card,Yes,Yes,Yes,No,No
71,97.2,6910.3,Two Year,Fiber Optic,Bank Withdrawal,Yes,No,Yes,No,No
9,24.6,190.1,Month-to-Month,DSL,Mailed Check,No,No,Yes,No,No
16,74.3,1178.25,Month-to-Month,Fiber Optic,Credit Card,No,No,Yes,Yes,Yes
12,59.8,727.8,One Year,Cable,Bank Withdrawal,No,Yes,Yes,Yes,No
5,81.0,389.6,Month-to-Month,Fiber Optic,Credit Card,No,No,Yes,Yes,Yes
7,69.2,477.55,Month-to-Month,Fiber Optic,Bank Withdrawal,No,No,Yes,No,Yes
21,104.4,2200.25,Month-to-Month,Fiber Optic,Bank Withdrawal,Yes,No,Yes,Yes,Yes
69,54.95,3772.5,Two Year,Cable,Credit Card,No,No,Yes,No,No
35,102.35,3626.1,One Year,Fiber Optic,Bank Withdrawal,No,No,Yes,Yes,No
55,45.05,2462.6,One Year,DSL,Bank Withdrawal,No,No,No,No,No
14,82.65,1185.0,Month-to-Month,Fiber Optic,Bank Withdrawal,No,No,Yes,No,Yes
4,24.45,86.6,Month-to-Month,DSL,Bank Withdrawal,No,No,Yes,Yes,Yes
3,78.5,242.05,Month-to-Month,Fiber Optic,Bank Withdrawal,No,No,Yes,Yes,Yes
3,57.55,161.45,Month-to-Month,Cable,Bank Withdrawal,No,No,No,No,No
3,107.95,318.6,Month-to-Month,Fiber Optic,Bank Withdrawal,No,Yes,Yes,No,Yes
6,93.55,536.4,Month-to-Month,Fiber Optic,Bank Withdrawal,No,No,Yes,Yes,Yes
37,75.1,2658.8,One Year,Cable,Bank Withdrawal,Yes,No,No,No,No
7,69.7,516.15,Month-to-Month,Cable,Credit Card,Yes,No,No,No,No
72,90.95,6468.6,Two Year,DSL,Bank Withdrawal,Yes,Yes,Yes,No,No
13,78.75,995.35,Month-to-Month,DSL,Bank Withdrawal,Yes,No,Yes,No,No
66,63.85,4174.35,One Year,DSL,Credit Card,Yes,Yes,Yes,No,No
2,95.5,181.65,One Year,Fiber Optic,Credit Card,No,No,Yes,No,No
4,56.75,245.15,Month-to-Month,DSL,Bank Withdrawal,Yes,No,No,No,No
9,39.55,373.0,One Year,Cable,Credit Card,Yes,No,No,No,No
2,96.0,174.8,Month-to-Month,Fiber Optic,Bank Withdrawal,No,No,Yes,Yes,Yes
67,75.5,5229.45,Two Year,DSL,Bank Withdrawal,Yes,No,Yes,No,No
19,55.0,1046.5,Month-to-Month,Cable,Credit Card,No,Yes,Yes,Yes,No
54,46.2,2431.95,Two Year,DSL,Bank Withdrawal,Yes,No,No,No,No
72,107.45,7576.7,Two Year,Fiber Optic,Credit Card,Yes,Yes,No,No,No
16,73.85,1284.2,Month-to-Month,Fiber Optic,Bank Withdrawal,No,No,Yes,Yes,Yes
57,55.7,3171.6,Month-to-Month,Cable,Bank Withdrawal,Yes,Yes,No,No,No
61,79.4,4820.55,One Year,DSL,Bank Withdrawal,Yes,Yes,Yes,No,No
69,110.5,7455.45,Two Year,Fiber Optic,Bank Withdrawal,No,Yes,Yes,No,No
52,81.4,4354.45,One Year,Cable,Credit Card,Yes,Yes,Yes,No,No
72,112.75,8192.6,Two Year,Fiber Optic,Credit Card,Yes,Yes,Yes,No,No
13,25.15,331.85,Month-to-Month,Cable,Bank Withdrawal,No,No,Yes,No,Yes
22,84.3,1855.65,Month-to-Month,Fiber Optic,Mailed Check,No,No,Yes,Yes,Yes
24,93.0,2248.05,Month-to-Month,Fiber Optic,Bank Withdrawal,No,No,Yes,No,Yes
35,101.4,3496.3,Month-to-Month,Fiber Optic,Bank Withdrawal,No,No,Yes,Yes,Yes
53,97.75,5043.2,One Year,Fiber Optic,Bank Withdrawal,No,Yes,No,No,No
50,98.25,4858.7,One Year,Fiber Optic,Bank Withdrawal,No,No,Yes,No,No
27,66.15,1874.45,One Year,DSL,Credit Card,Yes,Yes,No,No,No
37,72.1,2658.4,One Year,DSL,Credit Card,No,Yes,No,No,No
45,115.65,5125.5,Month-to-Month,Fiber Optic,Bank Withdrawal,Yes,Yes,Yes,No,No
33,80.1,2603.3,One Year,Fiber Optic,Bank Withdrawal,Yes,No,No,No,No
72,90.8,6397.6,Two Year,DSL,Credit Card,Yes,Yes,Yes,No,No
51,44.45,2181.55,Month-to-Month,DSL,Credit Card,Yes,Yes,Yes,No,No
42,73.15,3088.25,One Year,DSL,Bank Withdrawal,No,Yes,No,No,No
61,114.1,7132.15,Month-to-Month,Fiber Optic,Bank Withdrawal,No,Yes,Yes,No,No
36,75.55,2680.15,One Year,Cable,Credit Card,Yes,Yes,Yes,No,No
45,89.3,4192.15,Month-to-Month,Fiber Optic,Credit Card,No,No,Yes,No,No
11,79.0,929.3,Month-to-Month,Fiber Optic,Bank Withdrawal,Yes,No,Yes,No,Yes
4,25.15,99.95,Month-to-Month,DSL,Bank Withdrawal,No,No,Yes,No,Yes
3,75.1,270.7,Month-to-Month,Fiber Optic,Credit Card,No,No,Yes,Yes,Yes
3,74.4,229.55,Month-to-Month,Fiber Optic,Bank Withdrawal,No,No,Yes,Yes,Yes
7,44.75,333.65,Month-to-Month,DSL,Bank Withdrawal,No,No,No,No,No
66,62.5,4136.4,Two Year,DSL,Bank Withdrawal,Yes,Yes,Yes,No,No
15,75.65,1146.65,Month-to-Month,Fiber Optic,Bank Withdrawal,No,No,No,Yes,No
50,43.05,2208.05,One Year,DSL,Bank Withdrawal,Yes,No,Yes,No,No
10,85.6,813.85,Month-to-Month,Cable,Bank Withdrawal,No,No,Yes,Yes,Yes
24,54.75,1338.15,Month-to-Month,DSL,Bank Withdrawal,Yes,No,No,Yes,No
1,75.1,75.1,Month-to-Month,Fiber Optic,Bank Withdrawal,No,No,Yes,No,Yes
70,78.35,5445.95,One Year,Cable,Bank Withdrawal,Yes,Yes,No,No,No
58,105.2,6225.4,One Year,Fiber Optic,Credit Card,No,No,Yes,No,No
7,49.65,305.55,Two Year,DSL,Credit Card,Yes,Yes,No,No,No
6,55.15,322.9,Month-to-Month,Cable,Mailed Check,Yes,No,No,No,Yes
66,54.8,3465.7,One Year,DSL,Mailed Check,Yes,No,Yes,No,No
26,69.5,1800.05,Month-to-Month,DSL,Bank Withdrawal,Yes,No,Yes,No,No
2,79.55,151.75,Month-to-Month,Fiber Optic,Bank Withdrawal,No,No,No,No,Yes
60,97.95,5867.0,One Year,Fiber Optic,Bank Withdrawal,No,No,Yes,No,No
1,70.0,70.0,Month-to-Month,Fiber Optic,Bank Withdrawal,No,No,Yes,Yes,Yes
52,64.3,3410.6,One Year,DSL,Mailed Check,Yes,No,Yes,No,No
41,101.1,4016.2,One Year,Fiber Optic,Bank Withdrawal,No,Yes,Yes,No,No
5,53.8,283.95,Month-to-Month,Cable,Bank Withdrawal,Yes,No,Yes,No,No
67,74.0,4868.4,Two Year,Cable,Credit Card,Yes,Yes,No,No,No
31,88.65,2683.2,Month-to-Month,Fiber Optic,Credit Card,No,No,No,No,No
15,101.9,1667.25,One Year,Fiber Optic,Bank Withdrawal,Yes,Yes,No,No,Yes
13,44.0,659.35,Month-to-Month,DSL,Credit Card,No,No,No,No,No
7,45.75,344.2,Two Year,DSL,Credit Card,No,No,Yes,No,No
43,115.05,4895.1,Two Year,Fiber Optic,Credit Card,Yes,Yes,No,No,No
6,55.7,335.65,Month-to-Month,DSL,Bank Withdrawal,Yes,No,Yes,No,No
37,67.45,2443.3,One Year,DSL,Bank Withdrawal,Yes,Yes,No,No,No
13,54.8,731.3,One Year,DSL,Bank Withdrawal,No,No,Yes,No,No
47,85.3,4107.25,Two Year,DSL,Credit Card,Yes,Yes,Yes,No,No
2,25.05,56.35,Month-to-Month,Cable,Bank Withdrawal,No,No,Yes,Yes,Yes
32,85.0,2642.05,Month-to-Month,Fiber Optic,Bank Withdrawal,No,No,Yes,Yes,Yes
7,93.85,635.6,Month-to-Month,Fiber Optic,Bank Withdrawal,No,No,Yes,Yes,Yes
62,113.95,6891.4,Two Year,Fiber Optic,Credit Card,Yes,Yes,No,No,No
71,85.45,6029.9,Two Year,DSL,Bank Withdrawal,Yes,Yes,No,No,No
7,59.1,369.25,One Year,DSL,Bank Withdrawal,Yes,No,Yes,No,No
67,111.3,7482.1,One Year,Fiber Optic,Bank Withdrawal,Yes,No,Yes,Yes,No
57,100.6,5611.7,Month-to-Month,Fiber Optic,Bank Withdrawal,No,No,Yes,No,Yes
46,99.65,4630.2,Two Year,Fiber Optic,Credit Card,Yes,Yes,No,No,No
62,84.95,5150.55,Two Year,Cable,Bank Withdrawal,Yes,Yes,Yes,No,No
8,75.6,535.55,Month-to-Month,Fiber Optic,Bank Withdrawal,No,No,No,No,No
65,99.35,6347.55,Two Year,Fiber Optic,Bank Withdrawal,Yes,No,Yes,No,No
5,94.45,498.1,Month-to-Month,Fiber Optic,Bank Withdrawal,No,No,Yes,Yes,Yes
17,94.4,1607.2,Month-to-Month,Cable,Bank Withdrawal,Yes,No,No,Yes,Yes
27,56.2,1567.55,One Year,DSL,Credit Card,Yes,No,No,No,No
1,99.75,99.75,Month-to-Month,Fiber Optic,Bank Withdrawal,No,No,Yes,Yes,Yes
12,34.0,442.45,Month-to-Month,Cable,Credit Card,No,Yes,No,No,No
66,110.6,7210.85,One Year,Fiber Optic,Credit Card,Yes,Yes,Yes,No,No
29,75.55,2054.4,Two Year,DSL,Credit Card,No,Yes,No,No,No
12,78.95,927.35,Month-to-Month,Fiber Optic,Bank Withdrawal,Yes,No,Yes,Yes,Yes
70,104.0,7250.15,Two Year,Fiber Optic,Credit Card,Yes,Yes,Yes,Yes,No
12,49.85,617.15,Month-to-Month,Cable,Bank Withdrawal,No,No,Yes,No,No
29,94.65,2649.15,Month-to-Month,Fiber Optic,Credit Card,Yes,No,No,Yes,No
66,80.45,5224.35,Month-to-Month,Fiber Optic,Credit Card,No,No,Yes,Yes,No
62,81.0,4985.9,Two Year,Cable,Mailed Check,Yes,Yes,No,No,No
23,49.7,1081.25,Month-to-Month,Cable,Credit Card,No,No,No,No,No
20,54.0,1055.9,One Year,DSL,Credit Card,Yes,Yes,No,No,No
68,54.45,3674.95,One Year,Cable,Credit Card,Yes,No,Yes,No,No
9,79.9,741.7,Month-to-Month,Fiber Optic,Bank Withdrawal,No,No,Yes,Yes,Yes
61,51.35,3244.4,Two Year,DSL,Credit Card,No,Yes,No,No,No
55,85.5,4713.4,Month-to-Month,Fiber Optic,Bank Withdrawal,No,No,No,No,No
28,64.45,1867.6,Two Year,Cable,Bank Withdrawal,No,Yes,No,No,No
54,103.95,5639.05,One Year,Fiber Optic,Bank Withdrawal,Yes,No,Yes,Yes,No
13,106.9,1364.3,Month-to-Month,Cable,Bank Withdrawal,No,No,Yes,Yes,Yes
63,97.45,6253.0,Two Year,Fiber Optic,Bank Withdrawal,No,No,No,No,No
60,106.0,6441.4,One Year,Fiber Optic,Bank Withdrawal,No,Yes,Yes,Yes,No
1,44.0,44.0,Month-to-Month,DSL,Bank Withdrawal,No,No,No,No,No
4,74.4,306.6,Month-to-Month,Fiber Optic,Mailed Check,No,No,Yes,Yes,Yes
72,110.1,7746.7,Two Year,Fiber Optic,Bank Withdrawal,Yes,Yes,Yes,No,No
71,87.25,6328.7,Two Year,Cable,Credit Card,Yes,Yes,No,No,No
14,55.5,767.55,Month-to-Month,DSL,Credit Card,No,No,Yes,No,No
69,74.1,5031.0,Two Year,Cable,Credit Card,Yes,Yes,No,No,No
46,64.2,3009.5,Two Year,DSL,Credit Card,No,Yes,Yes,No,No
40,80.8,3132.75,One Year,Fiber Optic,Bank Withdrawal,No,No,No,No,No
15,87.75,1242.2,Month-to-Month,Fiber Optic,Bank Withdrawal,Yes,No,Yes,No,Yes
15,74.9,1107.25,Month-to-Month,Fiber Optic,Bank Withdrawal,No,No,Yes,Yes,Yes
54,104.3,5278.15,Month-to-Month,Fiber Optic,Bank Withdrawal,No,No,Yes,Yes,Yes
6,85.15,503.6,Month-to-Month,Fiber Optic,Bank Withdrawal,Yes,No,Yes,Yes,Yes
5,53.85,259.8,Month-to-Month,Cable,Credit Card,Yes,Yes,No,Yes,No
4,90.4,356.65,Month-to-Month,Fiber Optic,Bank Withdrawal,No,Yes,Yes,No,Yes
12,45.4,518.9,Month-to-Month,DSL,Bank Withdrawal,No,No,Yes,Yes,No
53,94.45,5042.75,One Year,Fiber Optic,Credit Card,No,Yes,Yes,No,No
32,85.65,2664.3,Month-to-Month,Fiber Optic,Bank Withdrawal,No,No,Yes,No,Yes
71,69.2,4982.5,One Year,DSL,Bank Withdrawal,Yes,No,No,No,No
8,75.75,606.25,Month-to-Month,Fiber Optic,Bank Withdrawal,No,No,Yes,Yes,Yes
36,85.85,3003.55,One Year,Cable,Bank Withdrawal,Yes,Yes,No,No,Yes
5,89.15,413.25,Month-to-Month,Fiber Optic,Bank Withdrawal,Yes,No,Yes,No,Yes
25,104.95,2566.5,Month-to-Month,Fiber Optic,Bank Withdrawal,No,Yes,Yes,Yes,Yes
1,49.55,49.55,Month-to-Month,Cable,Bank Withdrawal,Yes,No,Yes,Yes,No
8,74.5,606.55,Month-to-Month,Fiber Optic,Bank Withdrawal,No,No,Yes,Yes,Yes
30,101.5,2917.65,Month-to-Month,Fiber Optic,Bank Withdrawal,No,Yes,Yes,No,Yes
44,85.25,3704.15,One Year,Cable,Bank Withdrawal,No,Yes,Yes,No,No
45,100.3,4483.95,One Year,Fiber Optic,Bank Withdrawal,Yes,No,Yes,No,No
59,65.5,3801.3,One Year,Cable,Mailed Check,Yes,Yes,No,No,No
2,69.7,135.2,Month-to-Month,Fiber Optic,Bank Withdrawal,No,No,Yes,No,Yes
14,59.45,780.85,Month-to-Month,DSL,Bank Withdrawal,Yes,Yes,No,No,No
21,71.05,1524.85,Two Year,DSL,Credit Card,Yes,Yes,No,No,No
72,91.35,6697.2,Two Year,DSL,Bank Withdrawal,Yes,Yes,Yes,No,No
1,69.35,69.35,Month-to-Month,Fiber Optic,Bank Withdrawal,No,No,Yes,Yes,Yes
3,80.3,250.05,Month-to-Month,Fiber Optic,Bank Withdrawal,No,No,Yes,Yes,Yes
21,74.05,1565.7,Month-to-Month,Fiber Optic,Bank Withdrawal,No,No,Yes,Yes,Yes
47,74.45,3510.3,Two Year,DSL,Credit Card,No,Yes,No,No,No
50,103.05,5153.5,One Year,Fiber Optic,Credit Card,No,Yes,No,No,No
67,88.4,5798.3,One Year,Fiber Optic,Bank Withdrawal,No,No,Yes,No,No
32,98.85,3145.9,Month-to-Month,Fiber Optic,Credit Card,No,No,Yes,No,Yes
33,79.0,2576.8,Month-to-Month,Fiber Optic,Credit Card,No,No,Yes,No,Yes
50,79.6,4024.2,Two Year,DSL,Mailed Check,No,Yes,Yes,No,No
9,40.75,359.4,Month-to-Month,DSL,Bank Withdrawal,No,No,No,No,Yes
3,77.0,237.75,Month-to-Month,Fiber Optic,Bank Withdrawal,No,No,Yes,Yes,Yes
70,65.2,4543.15,One Year,DSL,Bank Withdrawal,Yes,No,No,No,No
4,90.65,367.95,Month-to-Month,Fiber Optic,Bank Withdrawal,Yes,No,No,No,No
33,60.9,2033.85,Month-to-Month,DSL,Credit Card,Yes,No,Yes,No,No
72,104.9,7559.55,Two Year,Fiber Optic,Credit Card,Yes,Yes,Yes,No,No
16,75.4,1189.4,Month-to-Month,Fiber Optic,Bank Withdrawal,No,No,Yes,No,Yes
1,40.1,40.1,Month-to-Month,DSL,Bank Withdrawal,No,Yes,No,Yes,No
1,70.45,70.45,Month-to-Month,Fiber Optic,Credit Card,No,No,Yes,Yes,Yes
72,63.7,4464.8,Two Year,Cable,Bank Withdrawal,Yes,Yes,Yes,No,No
13,88.35,1222.8,Month-to-Month,Fiber Optic,Bank Withdrawal,No,No,No,Yes,Yes
63,103.5,6479.4,Month-to-Month,Fiber Optic,Bank Withdrawal,No,No,Yes,No,No
72,108.65,7726.35,Two Year,Fiber Optic,Bank Withdrawal,Yes,Yes,Yes,No,No
43,91.25,4013.8,One Year,Fiber Optic,Credit Card,Yes,Yes,Yes,No,No
2,95.15,196.9,Month-to-Month,Fiber Optic,Bank Withdrawal,No,No,Yes,Yes,Yes
18,85.6,1601.5,Month-to-Month,Fiber Optic,Bank Withdrawal,No,Yes,Yes,No,No
11,78.0,851.8,Month-to-Month,Fiber Optic,Mailed Check,No,No,Yes,No,Yes
61,104.0,6363.45,One Year,Fiber Optic,Bank Withdrawal,Yes,No,No,No,No
17,69.0,1149.65,Month-to-Month,Fiber Optic,Bank Withdrawal,No,No,Yes,Yes,No
29,95.9,2745.2,Month-to-Month,Fiber Optic,Bank Withdrawal,No,No,Yes,Yes,Yes
58,92.85,5305.05,Month-to-Month,Fiber Optic,Bank Withdrawal,No,No,Yes,No,No
8,80.0,624.6,Month-to-Month,Fiber Optic,Bank Withdrawal,No,No,Yes,No,Yes
50,104.95,5222.35,Month-to-Month,Fiber Optic,Bank Withdrawal,No,Yes,Yes,No,No
22,59.75,1374.35,One Year,DSL,Bank Withdrawal,Yes,No,Yes,No,No
11,55.6,580.8,Two Year,DSL,Bank Withdrawal,Yes,No,Yes,No,No
52,100.3,5244.45,One Year,Fiber Optic,Bank Withdrawal,Yes,No,No,No,No
7,94.25,669.0,Month-to-Month,Fiber Optic,Bank Withdrawal,No,No,Yes,Yes,Yes
1,83.4,83.4,Month-to-Month,Fiber Optic,Credit Card,Yes,Yes,Yes,No,Yes
45,75.15,3480.35,Two Year,DSL,Credit Card,Yes,Yes,No,No,No
8,85.65,659.45,Month-to-Month,Fiber Optic,Bank Withdrawal,No,No,Yes,No,Yes
45,107.75,4882.8,Month-to-Month,Fiber Optic,Bank Withdrawal,No,No,Yes,No,Yes
72,80.45,5886.85,Two Year,DSL,Bank Withdrawal,Yes,Yes,Yes,No,No
28,29.75,790.7,Month-to-Month,DSL,Credit Card,No,No,Yes,No,No
72,64.7,4746.05,Two Year,DSL,Bank Withdrawal,Yes,Yes,Yes,No,No
21,44.95,926.25,Month-to-Month,Cable,Bank Withdrawal,No,No,Yes,No,No
41,101.6,3930.55,One Year,Fiber Optic,Bank Withdrawal,Yes,No,Yes,No,No
13,29.15,357.15,Month-to-Month,DSL,Bank Withdrawal,No,No,No,No,No
63,81.15,5224.5,One Year,Fiber Optic,Credit Card,Yes,No,Yes,No,No
1,74.35,74.35,Month-to-Month,Fiber Optic,Bank Withdrawal,No,No,Yes,Yes,Yes
26,90.8,2361.8,Month-to-Month,Fiber Optic,Bank Withdrawal,No,No,Yes,Yes,Yes
24,79.85,2001.0,Month-to-Month,Fiber Optic,Credit Card,No,No,Yes,No,No
1,35.45,35.45,Month-to-Month,DSL,Bank Withdrawal,No,No,Yes,Yes,Yes
60,94.1,5475.9,Month-to-Month,Fiber Optic,Credit Card,Yes,No,Yes,No,No
1,52.2,52.2,Month-to-Month,DSL,Bank Withdrawal,No,Yes,Yes,Yes,Yes
7,81.1,576.65,Month-to-Month,Fiber Optic,Bank Withdrawal,No,No,Yes,Yes,Yes
1,95.45,95.45,Month-to-Month,Fiber Optic,Bank Withdrawal,No,No,Yes,Yes,Yes
72,84.45,5899.85,Two Year,Cable,Credit Card,Yes,No,No,No,No
6,89.3,577.6,Month-to-Month,Fiber Optic,Bank Withdrawal,No,No,No,Yes,Yes
2,44.6,80.55,Month-to-Month,Cable,Credit Card,No,No,Yes,Yes,Yes
31,50.4,1580.1,One Year,DSL,Credit Card,Yes,No,Yes,No,No
71,106.0,7723.7,Two Year,Fiber Optic,Bank Withdrawal,No,No,Yes,Yes,No
33,44.55,1462.6,Month-to-Month,DSL,Credit Card,No,No,Yes,No,No
7,79.3,523.15,Month-to-Month,Fiber Optic,Bank Withdrawal,No,No,Yes,Yes,Yes
12,85.05,999.8,Month-to-Month,Fiber Optic,Credit Card,No,No,Yes,No,Yes
5,47.15,223.15,Month-to-Month,Cable,Bank Withdrawal,No,No,No,Yes,No
72,89.4,6376.55,Two Year,DSL,Credit Card,Yes,Yes,Yes,No,No
36,94.8,3565.65,Month-to-Month,Fiber Optic,Credit Card,No,No,Yes,No,No
65,59.8,3808.2,Two Year,Cable,Credit Card,No,Yes,Yes,No,No
43,63.95,2737.05,Month-to-Month,Cable,Bank Withdrawal,Yes,No,Yes,No,No
48,45.55,2108.35,Month-to-Month,DSL,Credit Card,No,No,No,No,No
47,54.25,2538.2,Month-to-Month,DSL,Bank Withdrawal,No,No,No,No,No
72,115.75,8443.7,Two Year,Fiber Optic,Credit Card,Yes,Yes,Yes,No,No
68,102.1,7149.35,Two Year,Fiber Optic,Bank Withdrawal,Yes,No,Yes,No,No
12,81.45,912.0,Month-to-Month,Fiber Optic,Bank Withdrawal,No,No,Yes,No,Yes
3,80.4,224.05,Month-to-Month,Fiber Optic,Bank Withdrawal,No,No,Yes,Yes,Yes
38,57.15,2250.65,Month-to-Month,DSL,Credit Card,Yes,No,Yes,Yes,No
54,55.0,3092.65,Month-to-Month,Cable,Credit Card,No,No,Yes,Yes,No
72,53.65,3784.0,Two Year,DSL,Credit Card,No,Yes,No,No,No
50,108.55,5610.7,One Year,Fiber Optic,Bank Withdrawal,Yes,Yes,No,Yes,No
13,31.65,389.95,Month-to-Month,DSL,Bank Withdrawal,No,No,Yes,No,No
55,64.2,3627.3,One Year,Cable,Bank Withdrawal,No,Yes,Yes,No,No
6,44.7,276.5,Month-to-Month,DSL,Credit Card,No,No,No,No,No
46,33.7,1537.85,One Year,DSL,Credit Card,No,Yes,No,No,No
47,85.5,4042.3,Month-to-Month,Fiber Optic,Credit Card,Yes,No,No,Yes,No
7,95.35,660.9,Month-to-Month,Fiber Optic,Bank Withdrawal,No,No,Yes,Yes,Yes
2,73.25,131.05,Month-to-Month,Fiber Optic,Credit Card,No,No,Yes,Yes,Yes
56,76.85,4275.75,Month-to-Month,Fiber Optic,Bank Withdrawal,No,Yes,Yes,No,No
10,80.85,808.5,Two Year,DSL,Mailed Check,Yes,No,No,No,No
54,70.15,3715.65,One Year,DSL,Credit Card,No,No,Yes,Yes,No
23,106.4,2483.5,Month-to-Month,Fiber Optic,Bank Withdrawal,No,No,Yes,Yes,Yes
39,45.05,1790.6,One Year,DSL,Bank Withdrawal,Yes,Yes,No,No,No
56,59.5,3389.25,Two Year,DSL,Credit Card,No,No,No,No,No
72,103.95,7517.7,Two Year,Fiber Optic,Credit Card,Yes,Yes,No,No,No
4,77.85,299.2,Month-to-Month,Fiber Optic,Bank Withdrawal,No,No,No,Yes,Yes
1,49.9,49.9,Month-to-Month,DSL,Bank Withdrawal,No,No,Yes,No,No
11,60.9,688.5,Month-to-Month,DSL,Bank Withdrawal,No,Yes,Yes,No,No
33,79.15,2531.4,One Year,Cable,Bank Withdrawal,No,Yes,Yes,No,No
4,89.2,346.2,Month-to-Month,Cable,Bank Withdrawal,No,No,Yes,Yes,Yes
57,59.75,3450.15,Two Year,Cable,Bank Withdrawal,Yes,Yes,Yes,No,No
67,94.65,6079.0,Two Year,Fiber Optic,Credit Card,No,No,Yes,No,No
6,84.85,523.5,Month-to-Month,Fiber Optic,Bank Withdrawal,No,No,Yes,Yes,Yes
72,97.7,6869.7,Two Year,Fiber Optic,Credit Card,No,No,Yes,No,No
16,54.1,889.0,One Year,DSL,Bank Withdrawal,Yes,No,Yes,No,No
16,85.35,1375.15,Month-to-Month,Fiber Optic,Credit Card,No,No,Yes,Yes,Yes
6,90.1,521.3,Month-to-Month,Fiber Optic,Bank Withdrawal,No,No,Yes,Yes,Yes
50,106.8,5347.95,One Year,Fiber Optic,Bank Withdrawal,No,Yes,Yes,No,No
1,44.4,44.4,Month-to-Month,DSL,Credit Card,No,No,No,Yes,No
23,81.85,1810.85,One Year,Fiber Optic,Credit Card,Yes,No,No,No,No
68,60.65,3975.9,One Year,DSL,Bank Withdrawal,No,Yes,Yes,No,No
28,92.9,2768.35,One Year,Fiber Optic,Bank Withdrawal,No,Yes,No,No,No
42,94.2,4186.3,Month-to-Month,Fiber Optic,Bank Withdrawal,No,No,Yes,Yes,No
72,79.2,5401.9,Two Year,DSL,Credit Card,Yes,Yes,No,No,No
9,34.7,296.1,Month-to-Month,DSL,Credit Card,No,No,Yes,Yes,No
18,33.5,600.0,Month-to-Month,DSL,Credit Card,No,No,Yes,Yes,No
52,50.2,2554.0,Two Year,DSL,Credit Card,No,Yes,No,No,No
72,87.55,6463.15,Two Year,DSL,Bank Withdrawal,Yes,Yes,Yes,No,No
2,54.4,114.1,Month-to-Month,DSL,Credit Card,No,No,Yes,Yes,No
4,94.4,387.2,Month-to-Month,Fiber Optic,Bank Withdrawal,Yes,Yes,Yes,Yes,Yes
12,33.15,444.75,One Year,DSL,Credit Card,Yes,Yes,No,No,No
6,80.5,463.05,Month-to-Month,Fiber Optic,Credit Card,No,No,Yes,Yes,Yes
69,85.35,5897.4,Two Year,DSL,Credit Card,Yes,Yes,Yes,No,No
35,89.2,3251.3,One Year,Fiber Optic,Bank Withdrawal,Yes,Yes,Yes,No,No
5,80.2,384.25,Month-to-Month,Fiber Optic,Bank Withdrawal,No,No,No,No,Yes
45,86.1,3861.45,One Year,Fiber Optic,Bank Withdrawal,No,No,Yes,No,No
25,54.2,1423.15,One Year,Cable,Bank Withdrawal,No,Yes,No,No,No
35,80.05,2835.9,Month-to-Month,Fiber Optic,Credit Card,No,Yes,No,No,No
64,99.25,6549.45,Two Year,Fiber Optic,Credit Card,Yes,Yes,No,No,No
70,64.55,4504.9,Two Year,Cable,Bank Withdrawal,Yes,Yes,No,No,No
38,105.0,4026.4,Month-to-Month,Fiber Optic,Bank Withdrawal,No,Yes,Yes,Yes,No
38,70.6,2708.2,One Year,DSL,Credit Card,Yes,Yes,No,No,No
3,54.65,189.1,Month-to-Month,DSL,Mailed Check,No,No,No,No,Yes
7,89.35,631.85,Month-to-Month,Fiber Optic,Credit Card,No,No,Yes,Yes,Yes
72,114.65,8333.95,Two Year,Fiber Optic,Bank Withdrawal,Yes,Yes,Yes,No,No
1,101.45,101.45,Month-to-Month,Fiber Optic,Bank Withdrawal,No,No,Yes,Yes,Yes
1,44.95,44.95,Month-to-Month,DSL,Mailed Check,No,No,Yes,No,Yes
4,69.55,284.9,Month-to-Month,Fiber Optic,Credit Card,No,No,Yes,No,No
1,59.85,59.85,Month-to-Month,Cable,Bank Withdrawal,No,No,Yes,Yes,Yes
72,101.3,7261.25,Two Year,Fiber Optic,Bank Withdrawal,Yes,No,Yes,No,No
60,44.45,2773.9,One Year,DSL,Bank Withdrawal,Yes,No,Yes,No,No
24,56.25,1454.25,One Year,Cable,Credit Card,Yes,No,Yes,No,No
16,59.4,1023.9,Month-to-Month,DSL,Bank Withdrawal,No,Yes,No,Yes,No
32,96.15,3019.25,Month-to-Month,Fiber Optic,Credit Card,No,No,Yes,Yes,Yes
1,76.0,76.0,Month-to-Month,Fiber Optic,Bank Withdrawal,No,No,No,Yes,Yes
61,80.8,4860.85,Two Year,DSL,Bank Withdrawal,Yes,Yes,Yes,No,No
71,98.65,6962.85,One Year,Fiber Optic,Credit Card,No,No,Yes,No,No
10,92.5,934.1,Month-to-Month,Fiber Optic,Credit Card,No,Yes,Yes,Yes,No
16,55.3,875.35,Month-to-Month,DSL,Bank Withdrawal,No,No,No,No,No
16,49.95,810.2,Month-to-Month,DSL,Bank Withdrawal,No,Yes,Yes,Yes,No
1,90.6,90.6,Month-to-Month,Fiber Optic,Bank Withdrawal,No,No,Yes,Yes,Yes
53,54.45,2854.55,Month-to-Month,DSL,Bank Withdrawal,No,No,Yes,Yes,No
72,110.6,7962.2,Two Year,Fiber Optic,Credit Card,No,Yes,Yes,No,No
13,88.95,1161.75,Two Year,DSL,Credit Card,Yes,Yes,No,No,No
68,41.95,2965.75,Two Year,Cable,Bank Withdrawal,Yes,No,Yes,No,No
66,114.3,7383.7,One Year,Fiber Optic,Bank Withdrawal,Yes,Yes,Yes,No,No
39,100.45,3801.7,Two Year,Fiber Optic,Bank Withdrawal,Yes,No,Yes,No,No
48,99.7,4977.2,One Year,Fiber Optic,Bank Withdrawal,Yes,No,Yes,No,No
48,70.1,3238.4,Two Year,DSL,Credit Card,Yes,No,Yes,No,No
17,54.6,934.8,One Year,DSL,Bank Withdrawal,No,Yes,No,No,No
10,75.75,777.3,Month-to-Month,Fiber Optic,Mailed Check,No,No,Yes,No,Yes
3,74.5,217.45,Month-to-Month,Fiber Optic,Bank Withdrawal,No,No,No,No,Yes
16,71.4,1212.1,Month-to-Month,DSL,Bank Withdrawal,No,No,Yes,No,No
31,73.9,2217.15,Month-to-Month,Fiber Optic,Bank Withdrawal,No,No,Yes,Yes,Yes
70,79.25,5731.85,Two Year,Cable,Bank Withdrawal,Yes,Yes,Yes,No,No
58,61.05,3478.75,One Year,DSL,Bank Withdrawal,Yes,Yes,Yes,No,No
43,100.0,4211.55,One Year,Fiber Optic,Bank Withdrawal,No,Yes,Yes,Yes,No
25,60.35,1404.65,Month-to-Month,Cable,Bank Withdrawal,No,No,No,No,No
6,60.9,414.1,Month-to-Month,DSL,Credit Card,No,No,No,No,No
10,64.9,685.55,One Year,DSL,Credit Card,No,Yes,No,No,No
1,70.65,70.65,Month-to-Month,Fiber Optic,Credit Card,No,No,Yes,Yes,Yes
26,86.65,2208.75,Month-to-Month,Fiber Optic,Credit Card,Yes,No,Yes,No,No
9,85.3,781.4,Month-to-Month,Fiber Optic,Credit Card,No,No,Yes,No,Yes
29,68.85,1970.5,Month-to-Month,DSL,Bank Withdrawal,Yes,No,Yes,Yes,No
72,106.3,7565.35,Two Year,Fiber Optic,Bank Withdrawal,No,No,Yes,No,No
47,95.05,4504.55,Month-to-Month,Fiber Optic,Bank Withdrawal,No,Yes,Yes,Yes,No
16,84.95,1378.25,Month-to-Month,Fiber Optic,Bank Withdrawal,No,No,Yes,Yes,Yes
1,80.5,80.5,Month-to-Month,Fiber Optic,Bank Withdrawal,No,No,No,Yes,Yes
27,59.45,1611.65,Month-to-Month,Cable,Bank Withdrawal,No,Yes,No,No,No
11,84.8,888.75,Month-to-Month,Fiber Optic,Bank Withdrawal,No,No,No,No,Yes
2,95.65,167.3,Month-to-Month,Fiber Optic,Bank Withdrawal,No,No,No,Yes,Yes
51,111.5,5703.25,One Year,Fiber Optic,Bank Withdrawal,No,Yes,Yes,No,No
72,84.3,5997.1,Two Year,DSL,Credit Card,Yes,Yes,No,No,No
66,115.8,7942.15,One Year,Fiber Optic,Bank Withdrawal,Yes,Yes,No,No,No
31,104.35,3205.6,Month-to-Month,Fiber Optic,Bank Withdrawal,Yes,No,No,No,Yes
65,105.05,6744.25,One Year,Fiber Optic,Bank Withdrawal,No,Yes,Yes,No,No
47,55.3,2654.05,Month-to-Month,Cable,Bank Withdrawal,Yes,No,Yes,No,No
72,98.65,7129.45,Two Year,Fiber Optic,Bank Withdrawal,No,Yes,Yes,No,No
26,92.4,2349.8,Month-to-Month,Fiber Optic,Credit Card,Yes,No,Yes,No,No
49,95.6,4783.5,Month-to-Month,Fiber Optic,Bank Withdrawal,No,No,Yes,Yes,No
22,75.8,1615.1,Month-to-Month,Fiber Optic,Bank Withdrawal,No,No,Yes,No,Yes
1,71.0,71.0,Month-to-Month,Fiber Optic,Bank Withdrawal,No,No,Yes,Yes,Yes
10,73.55,693.3,One Year,Cable,Credit Card,Yes,Yes,No,No,No
40,39.3,1637.4,Month-to-Month,Cable,Bank Withdrawal,No,No,Yes,Yes,No
31,49.85,1520.1,Two Year,DSL,Bank Withdrawal,Yes,Yes,Yes,No,No
72,90.95,6652.45,Two Year,DSL,Credit Card,Yes,Yes,No,No,No
36,80.4,2937.65,Month-to-Month,Fiber Optic,Bank Withdrawal,No,No,No,No,Yes
45,34.2,1596.6,One Year,Cable,Bank Withdrawal,No,No,No,No,No
38,62.3,2354.8,One Year,Cable,Credit Card,No,Yes,Yes,Yes,No
28,104.8,3046.05,Month-to-Month,Fiber Optic,Bank Withdrawal,No,Yes,Yes,Yes,Yes
47,99.35,4749.15,Month-to-Month,Fiber Optic,Bank Withdrawal,No,No,Yes,Yes,Yes
42,99.45,4138.05,Month-to-Month,Fiber Optic,Bank Withdrawal,No,Yes,Yes,Yes,No
2,73.55,145.4,Month-to-Month,Fiber Optic,Bank Withdrawal,No,No,Yes,Yes,Yes
46,103.15,4594.65,One Year,Fiber Optic,Bank Withdrawal,No,Yes,Yes,No,No
16,94.25,1483.25,Month-to-Month,Fiber Optic,Bank Withdrawal,Yes,No,Yes,Yes,Yes
11,75.9,866.4,Month-to-Month,Fiber Optic,Credit Card,No,No,Yes,No,No
47,94.9,4615.25,One Year,Fiber Optic,Credit Card,Yes,No,No,No,No
65,108.05,7118.9,One Year,Fiber Optic,Credit Card,No,Yes,Yes,No,No
54,90.05,4931.8,Two Year,Fiber Optic,Bank Withdrawal,No,No,Yes,No,No
34,105.35,3688.6,Month-to-Month,Fiber Optic,Bank Withdrawal,Yes,No,Yes,No,Yes
55,64.75,3617.1,Two Year,Cable,Mailed Check,No,No,Yes,No,No
57,70.1,3913.3,One Year,DSL,Bank Withdrawal,Yes,No,Yes,Yes,No
30,105.7,3181.8,Month-to-Month,Fiber Optic,Bank Withdrawal,Yes,Yes,Yes,No,No
72,100.65,7334.05,Two Year,Fiber Optic,Bank Withdrawal,Yes,No,No,No,No
2,61.2,125.95,Month-to-Month,Cable,Credit Card,Yes,No,Yes,No,No
60,49.75,3069.45,Month-to-Month,Cable,Bank Withdrawal,No,No,Yes,No,No
22,50.6,1073.3,Month-to-Month,DSL,Bank Withdrawal,No,No,Yes,No,No
5,34.25,163.55,Month-to-Month,DSL,Bank Withdrawal,No,Yes,No,No,No
1,45.75,45.75,Month-to-Month,DSL,Bank Withdrawal,No,No,No,Yes,Yes
72,85.95,6151.9,Two Year,DSL,Bank Withdrawal,No,Yes,No,No,No
71,105.55,7405.5,Two Year,Fiber Optic,Bank Withdrawal,Yes,No,No,No,No
2,70.3,132.4,Month-to-Month,DSL,Bank Withdrawal,No,Yes,No,No,No
1,79.35,79.35,Month-to-Month,Fiber Optic,Bank Withdrawal,No,No,Yes,Yes,Yes
29,84.45,2467.1,Month-to-Month,Fiber Optic,Bank Withdrawal,Yes,No,Yes,Yes,No
46,55.65,2688.85,One Year,Cable,Credit Card,No,No,No,No,No
11,78.1,864.85,Month-to-Month,Fiber Optic,Credit Card,No,No,Yes,No,No
4,101.7,364.55,Month-to-Month,Fiber Optic,Bank Withdrawal,No,No,Yes,Yes,Yes
17,94.2,1608.15,Two Year,Fiber Optic,Bank Withdrawal,No,No,Yes,No,No
1,79.95,79.95,Month-to-Month,Fiber Optic,Bank Withdrawal,No,No,Yes,Yes,Yes
62,100.15,6413.65,One Year,Fiber Optic,Bank Withdrawal,No,No,Yes,Yes,No
12,95.7,1184.0,One Year,Fiber Optic,Bank Withdrawal,No,No,No,No,No
13,35.1,446.1,Month-to-Month,Cable,Bank Withdrawal,No,No,Yes,Yes,No
1,75.3,75.3,Month-to-Month,Fiber Optic,Bank Withdrawal,No,No,Yes,Yes,Yes
71,58.25,4145.9,Two Year,Cable,Bank Withdrawal,No,Yes,No,No,No
56,75.75,4284.65,One Year,DSL,Bank Withdrawal,No,Yes,Yes,No,No
15,74.4,1074.3,Month-to-Month,Fiber Optic,Bank Withdrawal,No,No,Yes,Yes,Yes
32,85.3,2661.1,Month-to-Month,Fiber Optic,Bank Withdrawal,No,No,No,Yes,No
48,117.45,5438.9,Month-to-Month,Fiber Optic,Bank Withdrawal,Yes,Yes,No,Yes,No
24,54.8,1291.3,Two Year,Cable,Credit Card,No,No,No,No,No
21,86.55,1857.25,Month-to-Month,Fiber Optic,Bank Withdrawal,No,No,No,No,No
1,54.35,54.35,Month-to-Month,DSL,Bank Withdrawal,No,No,No,Yes,No
10,79.25,793.55,Month-to-Month,Fiber Optic,Bank Withdrawal,No,No,Yes,Yes,Yes
72,109.95,7852.4,Two Year,Fiber Optic,Credit Card,Yes,Yes,Yes,No,No
72,103.4,7372.65,Two Year,Fiber Optic,Bank Withdrawal,No,No,Yes,Yes,No
2,70.4,154.8,Month-to-Month,Fiber Optic,Credit Card,No,No,Yes,No,Yes
21,99.85,1992.55,Month-to-Month,Fiber Optic,Credit Card,No,No,Yes,No,Yes
48,45.3,2145.0,Month-to-Month,Cable,Bank Withdrawal,Yes,No,Yes,Yes,No
63,80.0,5040.2,One Year,DSL,Credit Card,Yes,Yes,No,No,No
35,102.05,3452.55,Two Year,Fiber Optic,Bank Withdrawal,No,No,No,No,No
16,89.05,1448.6,Month-to-Month,Fiber Optic,Credit Card,No,Yes,Yes,Yes,Yes
64,58.35,3756.45,One Year,DSL,Bank Withdrawal,No,Yes,No,No,No
48,111.45,5315.1,Month-to-Month,Fiber Optic,Bank Withdrawal,Yes,No,Yes,No,Yes
37,96.55,3580.3,Month-to-Month,Fiber Optic,Bank Withdrawal,No,No,Yes,Yes,Yes
35,62.1,2096.1,Month-to-Month,DSL,Bank Withdrawal,No,No,Yes,No,No
61,101.15,6383.9,One Year,Fiber Optic,Bank Withdrawal,No,Yes,No,No,No
30,106.4,3211.9,Month-to-Month,Fiber Optic,Bank Withdrawal,Yes,Yes,No,No,Yes
7,78.5,571.05,Month-to-Month,Cable,Bank Withdrawal,Yes,Yes,Yes,No,No
4,70.4,281.0,Month-to-Month,Fiber Optic,Bank Withdrawal,No,No,No,Yes,Yes
58,45.3,2651.2,Month-to-Month,DSL,Bank Withdrawal,No,No,Yes,Yes,No
37,100.3,3541.4,Month-to-Month,Fiber Optic,Credit Card,No,Yes,No,No,No
25,89.5,2196.15,Month-to-Month,Fiber Optic,Bank Withdrawal,No,No,Yes,Yes,Yes
1,24.8,24.8,Month-to-Month,DSL,Bank Withdrawal,No,No,Yes,Yes,Yes
19,94.95,1760.25,Two Year,Fiber Optic,Bank Withdrawal,No,No,Yes,No,No
45,85.7,3778.1,Month-to-Month,Fiber Optic,Bank Withdrawal,Yes,Yes,Yes,No,No
72,91.15,6637.9,Two Year,Cable,Bank Withdrawal,Yes,Yes,Yes,No,No
48,83.45,3887.85,One Year,DSL,Credit Card,Yes,No,Yes,No,No
52,39.9,2020.9,Month-to-Month,DSL,Bank Withdrawal,Yes,No,Yes,No,No
1,50.65,50.65,Month-to-Month,DSL,Credit Card,No,No,No,Yes,Yes
45,87.25,3941.7,Month-to-Month,Cable,Bank Withdrawal,No,Yes,Yes,Yes,Yes
64,110.3,6997.3,Two Year,Fiber Optic,Bank Withdrawal,Yes,Yes,No,No,No
23,83.75,1849.95,Month-to-Month,Fiber Optic,Bank Withdrawal,No,No,Yes,No,Yes
53,85.7,4616.1,Month-to-Month,Cable,Bank Withdrawal,Yes,Yes,No,No,No
62,89.1,5411.65,Two Year,Fiber Optic,Credit Card,No,No,Yes,No,No
34,55.0,1885.15,One Year,DSL,Credit Card,Yes,No,No,No,No
19,56.1,1033.9,Month-to-Month,DSL,Credit Card,No,No,Yes,No,No
26,89.15,2277.65,Month-to-Month,Fiber Optic,Bank Withdrawal,No,No,Yes,Yes,Yes
47,58.9,2813.05,One Year,Cable,Credit Card,Yes,Yes,Yes,No,No
2,69.65,145.15,Month-to-Month,Fiber Optic,Bank Withdrawal,No,No,No,Yes,Yes
10,98.5,1058.25,Month-to-Month,Fiber Optic,Bank Withdrawal,No,Yes,Yes,Yes,Yes
35,60.55,1982.6,Month-to-Month,DSL,Bank Withdrawal,Yes,No,No,No,No
5,81.0,371.65,Month-to-Month,Fiber Optic,Bank Withdrawal,No,No,Yes,Yes,Yes
9,91.75,865.8,Month-to-Month,Fiber Optic,Bank Withdrawal,Yes,No,No,Yes,Yes
1,44.8,44.8,Month-to-Month,DSL,Bank Withdrawal,No,No,Yes,No,Yes
69,59.1,4134.7,One Year,DSL,Bank Withdrawal,No,Yes,No,No,No
7,44.65,322.5,Month-to-Month,DSL,Bank Withdrawal,No,No,Yes,No,No
36,104.5,3684.95,Month-to-Month,Fiber Optic,Credit Card,Yes,No,Yes,No,No
29,39.5,1082.75,One Year,Cable,Credit Card,Yes,Yes,No,No,No
6,59.15,336.7,Month-to-Month,DSL,Bank Withdrawal,Yes,No,Yes,No,No
6,73.85,401.3,Month-to-Month,Fiber Optic,Credit Card,No,No,Yes,No,Yes
70,58.35,4214.25,Two Year,DSL,Bank Withdrawal,Yes,Yes,Yes,No,No
40,80.0,3168.75,Month-to-Month,Fiber Optic,Bank Withdrawal,No,No,Yes,No,Yes
13,95.05,1290.0,Month-to-Month,Fiber Optic,Bank Withdrawal,No,No,Yes,Yes,Yes
2,51.55,106.2,Month-to-Month,DSL,Credit Card,No,No,No,No,No
71,100.2,7209.0,Two Year,Fiber Optic,Credit Card,Yes,Yes,No,No,No
51,69.75,3562.5,One Year,DSL,Credit Card,Yes,Yes,Yes,No,No
4,84.8,371.9,Month-to-Month,Fiber Optic,Bank Withdrawal,No,No,Yes,Yes,Yes
10,88.85,929.45,Month-to-Month,Fiber Optic,Bank Withdrawal,No,No,Yes,No,Yes
70,72.95,5265.55,Two Year,DSL,Bank Withdrawal,No,Yes,No,No,No
4,45.3,196.95,Month-to-Month,Cable,Credit Card,No,No,Yes,Yes,No
30,70.4,2044.75,One Year,Cable,Bank Withdrawal,Yes,Yes,No,No,No
33,100.0,3320.6,Month-to-Month,Fiber Optic,Bank Withdrawal,No,No,Yes,No,Yes
29,66.1,1912.15,Month-to-Month,Cable,Bank Withdrawal,Yes,No,Yes,No,No
2,49.2,103.7,Month-to-Month,Cable,Credit Card,No,No,No,No,No
8,55.75,446.8,Month-to-Month,DSL,Bank Withdrawal,No,No,No,No,No
2,56.55,118.25,Month-to-Month,DSL,Credit Card,No,No,Yes,No,No
13,84.05,1095.3,Month-to-Month,Fiber Optic,Bank Withdrawal,Yes,No,No,Yes,No
47,100.75,4669.2,Month-to-Month,Fiber Optic,Credit Card,Yes,Yes,No,No,No
30,94.3,2679.7,Month-to-Month,Fiber Optic,Credit Card,Yes,No,Yes,No,Yes
2,90.35,190.5,Month-to-Month,Fiber Optic,Bank Withdrawal,Yes,No,No,No,No
20,73.65,1463.5,Month-to-Month,Fiber Optic,Bank Withdrawal,No,No,Yes,Yes,Yes
10,110.1,1043.3,Month-to-Month,Fiber Optic,Bank Withdrawal,Yes,Yes,Yes,Yes,Yes
61,62.15,3778.85,Two Year,DSL,Credit Card,Yes,Yes,Yes,No,No
52,39.1,1982.1,Two Year,DSL,Credit Card,Yes,Yes,No,No,No
37,90.6,3358.65,One Year,DSL,Bank Withdrawal,Yes,Yes,Yes,No,No
11,79.5,795.65,Month-to-Month,Fiber Optic,Bank Withdrawal,Yes,No,Yes,No,Yes
33,88.6,2888.7,Month-to-Month,Fiber Optic,Credit Card,No,Yes,No,No,No
21,61.65,1393.6,Month-to-Month,DSL,Credit Card,No,No,No,No,No
63,83.5,5435.0,Two Year,DSL,Credit Card,Yes,No,No,No,No
36,99.15,3615.6,Month-to-Month,Fiber Optic,Bank Withdrawal,No,No,Yes,Yes,Yes
1,84.85,84.85,Month-to-Month,Fiber Optic,Bank Withdrawal,No,No,Yes,Yes,Yes
59,111.35,6519.75,Month-to-Month,Fiber Optic,Bank Withdrawal,No,Yes,Yes,No,No
28,89.95,2625.55,Month-to-Month,Fiber Optic,Bank Withdrawal,No,No,Yes,Yes,Yes
1,69.5,69.5,Month-to-Month,Fiber Optic,Bank Withdrawal,No,No,Yes,Yes,Yes
21,80.35,1747.2,Month-to-Month,Fiber Optic,Bank Withdrawal,Yes,No,No,No,No
9,85.35,754.65,Month-to-Month,Fiber Optic,Bank Withdrawal,No,No,Yes,Yes,Yes
50,95.7,4816.7,Month-to-Month,Fiber Optic,Bank Withdrawal,No,No,Yes,Yes,No
64,92.85,5980.75,One Year,Fiber Optic,Bank Withdrawal,No,No,Yes,No,No
45,54.15,2319.8,One Year,Cable,Credit Card,No,Yes,Yes,Yes,No
72,105.75,7629.85,One Year,Fiber Optic,Credit Card,No,No,Yes,No,No
31,84.75,2613.4,Month-to-Month,Fiber Optic,Credit Card,Yes,No,Yes,No,No
49,40.65,2070.75,Month-to-Month,Cable,Bank Withdrawal,Yes,No,No,No,No
38,99.25,3777.15,Month-to-Month,Fiber Optic,Bank Withdrawal,No,No,Yes,Yes,Yes
5,80.85,356.1,Month-to-Month,Fiber Optic,Bank Withdrawal,No,No,Yes,No,Yes
48,75.15,3772.65,One Year,Fiber Optic,Bank Withdrawal,No,No,No,No,No
1,74.0,74.0,Month-to-Month,Fiber Optic,Bank Withdrawal,No,Yes,No,No,Yes
1,70.7,70.7,Month-to-Month,Fiber Optic,Credit Card,No,No,Yes,No,Yes
1,49.8,49.8,Month-to-Month,DSL,Credit Card,No,No,Yes,No,No
72,117.15,8529.5,Two Year,Fiber Optic,Credit Card,Yes,Yes,Yes,No,No
24,60.45,1440.75,Month-to-Month,DSL,Bank Withdrawal,Yes,Yes,No,No,No
23,90.45,2117.25,One Year,Fiber Optic,Bank Withdrawal,No,No,Yes,No,No
2,75.9,143.35,Month-to-Month,Fiber Optic,Bank Withdrawal,No,No,Yes,Yes,Yes
58,97.8,5458.8,One Year,Fiber Optic,Bank Withdrawal,No,No,Yes,No,No
36,51.05,1815.0,Month-to-Month,DSL,Credit Card,Yes,No,No,No,No
13,55.95,734.35,Month-to-Month,DSL,Bank Withdrawal,No,No,No,Yes,No
52,85.8,4433.3,Month-to-Month,Fiber Optic,Bank Withdrawal,No,Yes,No,No,No
1,74.7,74.7,Month-to-Month,Fiber Optic,Bank Withdrawal,No,No,Yes,Yes,Yes
7,49.75,331.3,One Year,DSL,Bank Withdrawal,Yes,No,Yes,Yes,No
64,115.0,7396.15,One Year,Fiber Optic,Bank Withdrawal,Yes,Yes,Yes,No,No
2,89.5,161.5,Month-to-Month,Fiber Optic,Bank Withdrawal,No,No,No,Yes,Yes
36,89.65,3348.1,One Year,DSL,Credit Card,Yes,Yes,Yes,No,No
69,66.9,4577.9,Two Year,Cable,Credit Card,Yes,Yes,Yes,No,No
72,104.15,7689.95,Two Year,Fiber Optic,Bank Withdrawal,No,No,Yes,Yes,No
2,94.2,193.8,Month-to-Month,Fiber Optic,Bank Withdrawal,No,No,Yes,Yes,Yes
49,52.15,2583.75,Month-to-Month,DSL,Credit Card,No,No,Yes,No,No
71,90.55,6404.0,Two Year,Cable,Bank Withdrawal,Yes,Yes,No,No,No
46,100.7,4541.2,Month-to-Month,Fiber Optic,Bank Withdrawal,Yes,No,Yes,Yes,Yes
1,24.2,24.2,Month-to-Month,Cable,Mailed Check,No,No,No,No,Yes
71,92.0,6585.2,One Year,Fiber Optic,Bank Withdrawal,Yes,Yes,Yes,No,No
18,101.3,1794.65,Month-to-Month,Fiber Optic,Credit Card,No,No,No,No,Yes
22,87.0,1850.65,Month-to-Month,Fiber Optic,Bank Withdrawal,No,No,Yes,No,Yes
67,69.2,4671.65,Two Year,DSL,Credit Card,Yes,Yes,Yes,No,No
52,75.4,3865.45,One Year,DSL,Credit Card,Yes,No,Yes,No,No
60,94.4,5610.25,One Year,Cable,Bank Withdrawal,No,No,Yes,Yes,Yes
2,76.4,160.8,Month-to-Month,DSL,Bank Withdrawal,No,Yes,No,Yes,Yes
68,108.45,7176.55,One Year,Fiber Optic,Bank Withdrawal,No,Yes,No,Yes,No
17,55.5,934.15,Month-to-Month,DSL,Credit Card,Yes,No,Yes,No,No
24,75.4,1747.85,Month-to-Month,Fiber Optic,Credit Card,No,No,Yes,Yes,No
68,83.0,5685.8,One Year,Fiber Optic,Bank Withdrawal,No,No,Yes,Yes,No
62,70.75,4263.45,One Year,DSL,Bank Withdrawal,Yes,Yes,Yes,No,No
1,45.8,45.8,Month-to-Month,DSL,Bank Withdrawal,No,No,No,Yes,Yes
57,89.85,4925.35,One Year,Fiber Optic,Bank Withdrawal,No,No,Yes,No,No
69,60.05,4176.7,Two Year,Cable,Bank Withdrawal,Yes,Yes,Yes,No,No
41,65.0,2531.8,One Year,DSL,Mailed Check,No,No,No,No,No
2,74.75,144.8,Month-to-Month,Fiber Optic,Bank Withdrawal,No,No,Yes,No,Yes
59,107.0,6152.3,One Year,Fiber Optic,Credit Card,Yes,Yes,Yes,No,No
52,57.95,3042.25,One Year,DSL,Credit Card,Yes,Yes,No,No,No
49,87.2,4345.0,One Year,DSL,Credit Card,Yes,Yes,Yes,No,No
25,79.0,1902.0,Month-to-Month,DSL,Credit Card,Yes,Yes,Yes,No,No
60,84.95,4984.85,Two Year,DSL,Bank Withdrawal,Yes,Yes,Yes,No,No
1,100.8,100.8,Month-to-Month,Fiber Optic,Bank Withdrawal,No,No,Yes,Yes,Yes
50,100.2,5038.45,Two Year,Fiber Optic,Credit Card,No,Yes,Yes,No,No
2,49.4,106.55,Month-to-Month,Cable,Bank Withdrawal,No,No,Yes,Yes,Yes
63,80.3,4995.35,Two Year,DSL,Credit Card,Yes,Yes,Yes,No,No
1,86.0,86.0,Month-to-Month,Fiber Optic,Bank Withdrawal,No,No,Yes,Yes,Yes
17,64.8,1175.6,One Year,DSL,Credit Card,Yes,No,No,No,No
40,110.1,4469.1,Month-to-Month,Fiber Optic,Credit Card,Yes,Yes,Yes,No,Yes
54,106.55,5763.3,One Year,Fiber Optic,Bank Withdrawal,Yes,No,No,Yes,No
66,102.85,6976.75,One Year,Fiber Optic,Credit Card,No,Yes,Yes,No,No
72,108.95,7875.0,Two Year,Fiber Optic,Credit Card,Yes,Yes,Yes,No,No
57,84.5,4845.4,Two Year,DSL,Bank Withdrawal,Yes,Yes,Yes,No,No
34,96.35,3190.25,Two Year,Fiber Optic,Bank Withdrawal,No,Yes,Yes,No,No
70,40.05,2799.75,Two Year,DSL,Mailed Check,No,Yes,Yes,No,No
